Date,Price,Date,Open,High,Low,Close price,Vol.,Change %,,Volatility,Daily volatility,,,,,,,,,,,,,,,,,
"Jul 16, 2021"," ₹ 4,327.16 ","Jul 16, 2021"," ₹ 4,367.43 "," ₹ 4,375.09 "," ₹ 4,322.53 "," ₹ 4,327.16 ",-,-0.75%,1%,52.56,1.20%,,,,,,,,,,,,,,,,,
"Jul 15, 2021"," ₹ 4,360.03 ","Jul 15, 2021"," ₹ 4,369.02 "," ₹ 4,369.02 "," ₹ 4,340.70 "," ₹ 4,360.03 ",-,-0.33%,0%,28.32,0.60%,,,,,,,,,,,,,,,,,
"Jul 14, 2021"," ₹ 4,374.30 ","Jul 14, 2021"," ₹ 4,380.11 "," ₹ 4,393.68 "," ₹ 4,362.36 "," ₹ 4,374.30 ",-,0.12%,0%,31.32,0.70%,,,,,,,,,,,,,,,,,
"Jul 13, 2021"," ₹ 4,369.21 ","Jul 13, 2021"," ₹ 4,381.07 "," ₹ 4,392.37 "," ₹ 4,366.92 "," ₹ 4,369.21 ",-,-0.35%,0%,25.45,0.60%,,,,,,,,,,,,,,,,,
"Jul 12, 2021"," ₹ 4,384.63 ","Jul 12, 2021"," ₹ 4,372.41 "," ₹ 4,386.68 "," ₹ 4,364.03 "," ₹ 4,384.63 ",-,0.35%,0%,22.65,0.50%,,,,,,,,,,,,,,,,,
"Jul 09, 2021"," ₹ 4,369.55 ","Jul 09, 2021"," ₹ 4,329.38 "," ₹ 4,371.60 "," ₹ 4,329.38 "," ₹ 4,369.55 ",-,1.13%,1%,42.22,1.00%,,,,,ANALYSIS OF STOCKS FOR S&P 500 FOR AUGUST 2019-JULY2021,,,,,,,,,,,,
"Jul 08, 2021"," ₹ 4,320.82 ","Jul 08, 2021"," ₹ 4,321.07 "," ₹ 4,330.88 "," ₹ 4,289.37 "," ₹ 4,320.82 ",-,-0.86%,1%,41.51,1.00%,,,,,,,,,,,,,,,,,
"Jul 07, 2021"," ₹ 4,358.13 ","Jul 07, 2021"," ₹ 4,351.01 "," ₹ 4,361.88 "," ₹ 4,329.79 "," ₹ 4,358.13 ",-,0.34%,0%,32.09,0.70%,,,,,Highest vs Lowest price,,Highest vs Lowest price movement (in%),,,,Price range prediction,,,,Other data,,
"Jul 06, 2021"," ₹ 4,343.54 ","Jul 06, 2021"," ₹ 4,356.46 "," ₹ 4,356.46 "," ₹ 4,314.37 "," ₹ 4,343.54 ",-,-0.20%,0%,42.09,1.00%,,,,,Highest price,Lowest price,Highest movement,,Lowest movement,,Highest price,,Lowest movement,,Standard deviation,,Daily average volatility
"Jul 02, 2021"," ₹ 4,352.34 ","Jul 02, 2021"," ₹ 4,326.60 "," ₹ 4,355.43 "," ₹ 4,326.60 "," ₹ 4,352.34 ",-,0.75%,1%,28.83,0.70%,,,,," ₹ 4,393.68 "," ₹ 2,191.86 ",11.98%,,0.00%,," ₹ 5,342.66 ",," ₹ 1,242.88 ",,₹ 474.49,,1.31%
"Jul 01, 2021"," ₹ 4,319.94 ","Jul 01, 2021"," ₹ 4,300.73 "," ₹ 4,320.66 "," ₹ 4,300.73 "," ₹ 4,319.94 ",-,0.52%,1%,19.93,0.50%,,,,,,,,,,,,,,,,,
"Jun 30, 2021"," ₹ 4,297.50 ","Jun 30, 2021"," ₹ 4,290.65 "," ₹ 4,302.43 "," ₹ 4,287.96 "," ₹ 4,297.50 ",-,0.13%,0%,14.47,0.30%,,,,,,,,,,,,,,,,,
"Jun 29, 2021"," ₹ 4,291.80 ","Jun 29, 2021"," ₹ 4,293.21 "," ₹ 4,300.52 "," ₹ 4,287.04 "," ₹ 4,291.80 ",-,0.03%,0%,13.48,0.30%,,,,,,,,,,,,,,,,,
"Jun 28, 2021"," ₹ 4,290.61 ","Jun 28, 2021"," ₹ 4,284.90 "," ₹ 4,292.14 "," ₹ 4,274.67 "," ₹ 4,290.61 ",-,0.23%,0%,17.47,0.40%,,,,,,,,,,,,,,,,,
"Jun 25, 2021"," ₹ 4,280.70 ","Jun 25, 2021"," ₹ 4,274.45 "," ₹ 4,286.12 "," ₹ 4,271.16 "," ₹ 4,280.70 ",-,0.33%,0%,14.96,0.30%,,,,,,,,,,,,,,,,,
"Jun 24, 2021"," ₹ 4,266.49 ","Jun 24, 2021"," ₹ 4,256.97 "," ₹ 4,271.28 "," ₹ 4,256.97 "," ₹ 4,266.49 ",-,0.58%,1%,14.31,0.30%,,,,,,,,,,,,,,,,Highest price ever," ₹ 4,393.68 "
"Jun 23, 2021"," ₹ 4,241.84 ","Jun 23, 2021"," ₹ 4,249.27 "," ₹ 4,256.60 "," ₹ 4,241.43 "," ₹ 4,241.84 ",-,-0.11%,0%,15.17,0.40%,,,,,,,,,,,,,,,,Lowest price ever," ₹ 2,191.86 "
"Jun 22, 2021"," ₹ 4,246.44 ","Jun 22, 2021"," ₹ 4,224.61 "," ₹ 4,255.84 "," ₹ 4,217.27 "," ₹ 4,246.44 ",-,0.51%,1%,38.57,0.90%,,,,,,,,,,,,,,,,Standard deviation,₹ 474.49
"Jun 21, 2021"," ₹ 4,224.79 ","Jun 21, 2021"," ₹ 4,173.40 "," ₹ 4,226.24 "," ₹ 4,173.40 "," ₹ 4,224.79 ",-,1.40%,1%,52.84,1.30%,,,,,,,,,,,,,,,,Highest price movement,11.98%
"Jun 18, 2021"," ₹ 4,166.45 ","Jun 18, 2021"," ₹ 4,204.78 "," ₹ 4,204.78 "," ₹ 4,164.40 "," ₹ 4,166.45 ",-,-1.31%,1%,40.38,1.00%,,,,,,,,,,,,,,,,Lowest price movement,0.00%
"Jun 17, 2021"," ₹ 4,221.86 ","Jun 17, 2021"," ₹ 4,220.37 "," ₹ 4,232.29 "," ₹ 4,196.05 "," ₹ 4,221.86 ",-,-0.04%,0%,36.24,0.90%,,,,,,,,,,,,,,,,,
"Jun 16, 2021"," ₹ 4,223.70 ","Jun 16, 2021"," ₹ 4,248.87 "," ₹ 4,251.89 "," ₹ 4,202.45 "," ₹ 4,223.70 ",-,-0.54%,1%,49.44,1.20%,,,,,,,,,,,,,,,,Average daily volatility,1.31%
"Jun 15, 2021"," ₹ 4,246.59 ","Jun 15, 2021"," ₹ 4,255.28 "," ₹ 4,257.16 "," ₹ 4,238.35 "," ₹ 4,246.59 ",-,-0.20%,0%,18.81,0.40%,,,,,,,,,,,,,,,,,
"Jun 14, 2021"," ₹ 4,255.15 ","Jun 14, 2021"," ₹ 4,248.31 "," ₹ 4,255.59 "," ₹ 4,234.07 "," ₹ 4,255.15 ",-,0.18%,0%,21.52,0.50%,,,,,,,,,,,,,,,,Highest price (prediction)," ₹ 5,342.66 "
"Jun 11, 2021"," ₹ 4,247.44 ","Jun 11, 2021"," ₹ 4,242.90 "," ₹ 4,248.38 "," ₹ 4,232.25 "," ₹ 4,247.44 ",-,0.19%,0%,16.13,0.40%,,,,,,,,,,,,,,,,Lowest price (prediction)," ₹ 1,242.88 "
"Jun 10, 2021"," ₹ 4,239.18 ","Jun 10, 2021"," ₹ 4,228.56 "," ₹ 4,249.74 "," ₹ 4,220.34 "," ₹ 4,239.18 ",-,0.47%,0%,29.4,0.70%,,,,,,,,,,,,,,,,,
"Jun 09, 2021"," ₹ 4,219.55 ","Jun 09, 2021"," ₹ 4,232.99 "," ₹ 4,237.09 "," ₹ 4,218.74 "," ₹ 4,219.55 ",-,-0.18%,0%,18.35,0.40%,,,,,,,,,,,,,,,,,
"Jun 08, 2021"," ₹ 4,227.26 ","Jun 08, 2021"," ₹ 4,233.81 "," ₹ 4,236.74 "," ₹ 4,208.41 "," ₹ 4,227.26 ",-,0.02%,0%,28.33,0.70%,,,,,,,,,,,,,,,,,
"Jun 07, 2021"," ₹ 4,226.52 ","Jun 07, 2021"," ₹ 4,229.34 "," ₹ 4,232.34 "," ₹ 4,215.66 "," ₹ 4,226.52 ",-,-0.08%,0%,16.68,0.40%,,,,,,,,,,,,,,,,,
"Jun 04, 2021"," ₹ 4,229.89 ","Jun 04, 2021"," ₹ 4,206.05 "," ₹ 4,233.45 "," ₹ 4,206.05 "," ₹ 4,229.89 ",-,0.88%,1%,27.4,0.70%,,,,,,,,,,,,,,,,,
"Jun 03, 2021"," ₹ 4,192.85 ","Jun 03, 2021"," ₹ 4,191.43 "," ₹ 4,204.39 "," ₹ 4,167.93 "," ₹ 4,192.85 ",-,-0.36%,0%,36.46,0.90%,,,,,,,,,,,,,,,,,
"Jun 02, 2021"," ₹ 4,208.12 ","Jun 02, 2021"," ₹ 4,206.82 "," ₹ 4,217.37 "," ₹ 4,198.27 "," ₹ 4,208.12 ",-,0.14%,0%,19.1,0.50%,,,,,,,,,,,,,,,,,
"Jun 01, 2021"," ₹ 4,202.04 ","Jun 01, 2021"," ₹ 4,216.52 "," ₹ 4,234.12 "," ₹ 4,197.59 "," ₹ 4,202.04 ",-,-0.05%,0%,36.53,0.90%,,,,,,,,,,,,,,,,,
"May 28, 2021"," ₹ 4,204.11 ","May 28, 2021"," ₹ 4,210.77 "," ₹ 4,218.36 "," ₹ 4,203.57 "," ₹ 4,204.11 ",-,0.08%,0%,14.79,0.40%,,,,,,,,,,,,,,,,,
"May 27, 2021"," ₹ 4,200.88 ","May 27, 2021"," ₹ 4,201.94 "," ₹ 4,213.38 "," ₹ 4,197.78 "," ₹ 4,200.88 ",-,0.12%,0%,15.6,0.40%,,,,,,,,,,,,,,,,,
"May 26, 2021"," ₹ 4,195.99 ","May 26, 2021"," ₹ 4,191.59 "," ₹ 4,202.61 "," ₹ 4,184.11 "," ₹ 4,195.99 ",-,0.19%,0%,18.5,0.40%,,,,,,,,,,,,,,,,,
"May 25, 2021"," ₹ 4,188.13 ","May 25, 2021"," ₹ 4,205.94 "," ₹ 4,213.42 "," ₹ 4,182.52 "," ₹ 4,188.13 ",-,-0.21%,0%,30.9,0.70%,,,,,,,,,,,,,,,,,
"May 24, 2021"," ₹ 4,197.05 ","May 24, 2021"," ₹ 4,170.16 "," ₹ 4,209.52 "," ₹ 4,170.16 "," ₹ 4,197.05 ",-,0.99%,1%,39.36,0.90%,,,,,,,,,,,,,,,,,
"May 21, 2021"," ₹ 4,155.86 ","May 21, 2021"," ₹ 4,168.61 "," ₹ 4,188.72 "," ₹ 4,151.72 "," ₹ 4,155.86 ",-,-0.08%,0%,37,0.90%,,,,,,,,,,,,,,,,,
"May 20, 2021"," ₹ 4,159.12 ","May 20, 2021"," ₹ 4,121.97 "," ₹ 4,172.80 "," ₹ 4,121.97 "," ₹ 4,159.12 ",-,1.06%,1%,50.83,1.20%,,,,,,,,,,,,,,,,,
"May 19, 2021"," ₹ 4,115.68 ","May 19, 2021"," ₹ 4,098.45 "," ₹ 4,116.93 "," ₹ 4,061.41 "," ₹ 4,115.68 ",-,-0.29%,0%,55.52,1.40%,,,,,,,,,,,,,,,,,
"May 18, 2021"," ₹ 4,127.83 ","May 18, 2021"," ₹ 4,165.94 "," ₹ 4,169.15 "," ₹ 4,125.99 "," ₹ 4,127.83 ",-,-0.85%,1%,43.16,1.00%,,,,,,,,,,,,,,,,,
"May 17, 2021"," ₹ 4,163.29 ","May 17, 2021"," ₹ 4,169.92 "," ₹ 4,171.92 "," ₹ 4,142.69 "," ₹ 4,163.29 ",-,-0.25%,0%,29.23,0.70%,,,,,,,,,,,,,,,,,
"May 14, 2021"," ₹ 4,173.85 ","May 14, 2021"," ₹ 4,129.58 "," ₹ 4,183.13 "," ₹ 4,129.58 "," ₹ 4,173.85 ",-,1.49%,1%,53.55,1.30%,,,,,,,,,,,,,,,,,
"May 13, 2021"," ₹ 4,112.50 ","May 13, 2021"," ₹ 4,074.99 "," ₹ 4,131.58 "," ₹ 4,074.99 "," ₹ 4,112.50 ",-,1.22%,1%,56.59,1.40%,,,,,,,,,,,,,,,,,
"May 12, 2021"," ₹ 4,063.04 ","May 12, 2021"," ₹ 4,130.55 "," ₹ 4,134.73 "," ₹ 4,056.88 "," ₹ 4,063.04 ",-,-2.14%,2%,77.85,1.90%,,,,,,,,,,,,,,,,,
"May 11, 2021"," ₹ 4,152.10 ","May 11, 2021"," ₹ 4,150.34 "," ₹ 4,162.04 "," ₹ 4,111.53 "," ₹ 4,152.10 ",-,-0.87%,1%,50.51,1.20%,,,,,,,,,,,,,,,,,
"May 10, 2021"," ₹ 4,188.43 ","May 10, 2021"," ₹ 4,228.29 "," ₹ 4,236.39 "," ₹ 4,188.13 "," ₹ 4,188.43 ",-,-1.04%,1%,48.26,1.10%,,,,,,,,,,,,,,,,,
"May 07, 2021"," ₹ 4,232.60 ","May 07, 2021"," ₹ 4,210.34 "," ₹ 4,238.04 "," ₹ 4,201.64 "," ₹ 4,232.60 ",-,0.74%,1%,36.4,0.90%,,,,,,,,,,,,,,,,,
"May 06, 2021"," ₹ 4,201.62 ","May 06, 2021"," ₹ 4,169.14 "," ₹ 4,202.70 "," ₹ 4,147.33 "," ₹ 4,201.62 ",-,0.82%,1%,55.37,1.30%,,,,,,,,,,,,,,,,,
"May 05, 2021"," ₹ 4,167.59 ","May 05, 2021"," ₹ 4,177.06 "," ₹ 4,187.72 "," ₹ 4,160.94 "," ₹ 4,167.59 ",-,0.07%,0%,26.78,0.60%,,,,,,,,,,,,,,,,,
"May 04, 2021"," ₹ 4,164.66 ","May 04, 2021"," ₹ 4,179.04 "," ₹ 4,179.04 "," ₹ 4,128.59 "," ₹ 4,164.66 ",-,-0.67%,1%,50.45,1.20%,,,,,,,,,,,,,,,,,
"May 03, 2021"," ₹ 4,192.66 ","May 03, 2021"," ₹ 4,191.98 "," ₹ 4,209.39 "," ₹ 4,188.03 "," ₹ 4,192.66 ",-,0.27%,0%,21.36,0.50%,,,,,,,,,,,,,,,,,
"Apr 30, 2021"," ₹ 4,181.17 ","Apr 30, 2021"," ₹ 4,198.10 "," ₹ 4,198.10 "," ₹ 4,174.85 "," ₹ 4,181.17 ",-,-0.72%,1%,23.25,0.60%,,,,,,,,,,,,,,,,,
"Apr 29, 2021"," ₹ 4,211.47 ","Apr 29, 2021"," ₹ 4,206.14 "," ₹ 4,218.78 "," ₹ 4,176.81 "," ₹ 4,211.47 ",-,0.68%,1%,41.97,1.00%,,,,,,,,,,,,,,,,,
"Apr 28, 2021"," ₹ 4,183.18 ","Apr 28, 2021"," ₹ 4,185.14 "," ₹ 4,201.53 "," ₹ 4,181.78 "," ₹ 4,183.18 ",-,-0.08%,0%,19.75,0.50%,,,,,,,,,,,,,,,,,
"Apr 27, 2021"," ₹ 4,186.72 ","Apr 27, 2021"," ₹ 4,188.25 "," ₹ 4,193.35 "," ₹ 4,176.22 "," ₹ 4,186.72 ",-,-0.02%,0%,17.13,0.40%,,,,,,,,,,,,,,,,,
"Apr 26, 2021"," ₹ 4,187.62 ","Apr 26, 2021"," ₹ 4,185.03 "," ₹ 4,194.19 "," ₹ 4,182.36 "," ₹ 4,187.62 ",-,0.18%,0%,11.83,0.30%,,,,,,,,,,,,,,,,,
"Apr 23, 2021"," ₹ 4,180.17 ","Apr 23, 2021"," ₹ 4,138.78 "," ₹ 4,194.17 "," ₹ 4,138.78 "," ₹ 4,180.17 ",-,1.09%,1%,55.39,1.30%,,,,,,,,,,,,,,,,,
"Apr 22, 2021"," ₹ 4,134.98 ","Apr 22, 2021"," ₹ 4,170.46 "," ₹ 4,179.57 "," ₹ 4,123.69 "," ₹ 4,134.98 ",-,-0.92%,1%,55.88,1.30%,,,,,,,,,,,,,,,,,
"Apr 21, 2021"," ₹ 4,173.42 ","Apr 21, 2021"," ₹ 4,128.42 "," ₹ 4,175.02 "," ₹ 4,126.35 "," ₹ 4,173.42 ",-,0.93%,1%,48.67,1.20%,,,,,,,,,,,,,,,,,
"Apr 20, 2021"," ₹ 4,134.94 ","Apr 20, 2021"," ₹ 4,159.18 "," ₹ 4,159.18 "," ₹ 4,118.38 "," ₹ 4,134.94 ",-,-0.68%,1%,40.8,1.00%,,,,,,,,,,,,,,,,,
"Apr 19, 2021"," ₹ 4,163.26 ","Apr 19, 2021"," ₹ 4,179.80 "," ₹ 4,180.81 "," ₹ 4,150.47 "," ₹ 4,163.26 ",-,-0.53%,1%,30.34,0.70%,,,,,,,,,,,,,,,,,
"Apr 16, 2021"," ₹ 4,185.47 ","Apr 16, 2021"," ₹ 4,174.14 "," ₹ 4,191.31 "," ₹ 4,170.75 "," ₹ 4,185.47 ",-,0.36%,0%,20.56,0.50%,,,,,,,,,,,,,,,,,
"Apr 15, 2021"," ₹ 4,170.42 ","Apr 15, 2021"," ₹ 4,139.76 "," ₹ 4,173.49 "," ₹ 4,139.76 "," ₹ 4,170.42 ",-,1.11%,1%,33.73,0.80%,,,,,,,,,,,,,,,,,
"Apr 14, 2021"," ₹ 4,124.66 ","Apr 14, 2021"," ₹ 4,141.58 "," ₹ 4,151.69 "," ₹ 4,120.87 "," ₹ 4,124.66 ",-,-0.41%,0%,30.82,0.70%,,,,,,,,,,,,,,,,,
"Apr 13, 2021"," ₹ 4,141.59 ","Apr 13, 2021"," ₹ 4,130.10 "," ₹ 4,148.00 "," ₹ 4,124.43 "," ₹ 4,141.59 ",-,0.33%,0%,23.57,0.60%,,,,,,,,,,,,,,,,,
"Apr 12, 2021"," ₹ 4,127.99 ","Apr 12, 2021"," ₹ 4,124.71 "," ₹ 4,131.76 "," ₹ 4,114.82 "," ₹ 4,127.99 ",-,-0.02%,0%,16.94,0.40%,,,,,,,,,,,,,,,,,
"Apr 09, 2021"," ₹ 4,128.80 ","Apr 09, 2021"," ₹ 4,096.11 "," ₹ 4,129.48 "," ₹ 4,095.51 "," ₹ 4,128.80 ",-,0.77%,1%,33.97,0.80%,,,,,,,,,,,,,,,,,
"Apr 08, 2021"," ₹ 4,097.17 ","Apr 08, 2021"," ₹ 4,089.95 "," ₹ 4,098.19 "," ₹ 4,082.54 "," ₹ 4,097.17 ",-,0.42%,0%,15.65,0.40%,,,,,,,,,,,,,,,,,
"Apr 07, 2021"," ₹ 4,079.95 ","Apr 07, 2021"," ₹ 4,074.29 "," ₹ 4,083.13 "," ₹ 4,068.31 "," ₹ 4,079.95 ",-,0.15%,0%,14.82,0.40%,,,,,,,,,,,,,,,,,
"Apr 06, 2021"," ₹ 4,073.94 ","Apr 06, 2021"," ₹ 4,075.57 "," ₹ 4,086.23 "," ₹ 4,068.14 "," ₹ 4,073.94 ",-,-0.10%,0%,18.09,0.40%,,,,,,,,,,,,,,,,,
"Apr 05, 2021"," ₹ 4,077.91 ","Apr 05, 2021"," ₹ 4,034.44 "," ₹ 4,083.42 "," ₹ 4,034.44 "," ₹ 4,077.91 ",-,1.44%,1%,48.98,1.20%,,,,,,,,,,,,,,,,,
"Apr 01, 2021"," ₹ 4,019.87 ","Apr 01, 2021"," ₹ 3,992.78 "," ₹ 4,020.63 "," ₹ 3,992.78 "," ₹ 4,019.87 ",-,1.18%,1%,27.85,0.70%,,,,,,,,,,,,,,,,,
"Mar 31, 2021"," ₹ 3,972.89 ","Mar 31, 2021"," ₹ 3,967.25 "," ₹ 3,994.41 "," ₹ 3,966.98 "," ₹ 3,972.89 ",-,0.36%,0%,27.43,0.70%,,,,,,,,,,,,,,,,,
"Mar 30, 2021"," ₹ 3,958.55 ","Mar 30, 2021"," ₹ 3,963.34 "," ₹ 3,968.01 "," ₹ 3,944.35 "," ₹ 3,958.55 ",-,-0.32%,0%,23.66,0.60%,,,,,,,,,,,,,,,,,
"Mar 29, 2021"," ₹ 3,971.09 ","Mar 29, 2021"," ₹ 3,969.31 "," ₹ 3,981.83 "," ₹ 3,943.25 "," ₹ 3,971.09 ",-,-0.09%,0%,38.58,1.00%,,,,,,,,,,,,,,,,,
"Mar 26, 2021"," ₹ 3,974.54 ","Mar 26, 2021"," ₹ 3,917.12 "," ₹ 3,978.19 "," ₹ 3,917.12 "," ₹ 3,974.54 ",-,1.66%,2%,61.07,1.60%,,,,,,,,,,,,,,,,,
"Mar 25, 2021"," ₹ 3,909.52 ","Mar 25, 2021"," ₹ 3,879.34 "," ₹ 3,919.54 "," ₹ 3,853.50 "," ₹ 3,909.52 ",-,0.52%,1%,66.04,1.70%,,,,,,,,,,,,,,,,,
"Mar 24, 2021"," ₹ 3,889.14 ","Mar 24, 2021"," ₹ 3,919.93 "," ₹ 3,942.08 "," ₹ 3,889.07 "," ₹ 3,889.14 ",-,-0.55%,1%,53.01,1.40%,,,,,,,,,,,,,,,,,
"Mar 23, 2021"," ₹ 3,910.52 ","Mar 23, 2021"," ₹ 3,937.60 "," ₹ 3,949.13 "," ₹ 3,901.57 "," ₹ 3,910.52 ",-,-0.76%,1%,47.56,1.20%,,,,,,,,,,,,,,,,,
"Mar 22, 2021"," ₹ 3,940.59 ","Mar 22, 2021"," ₹ 3,916.48 "," ₹ 3,955.31 "," ₹ 3,914.16 "," ₹ 3,940.59 ",-,0.70%,1%,41.15,1.10%,,,,,,,,,,,,,,,,,
"Mar 19, 2021"," ₹ 3,913.10 ","Mar 19, 2021"," ₹ 3,913.14 "," ₹ 3,930.12 "," ₹ 3,886.75 "," ₹ 3,913.10 ",-,-0.06%,0%,43.37,1.10%,,,,,,,,,,,,,,,,,
"Mar 18, 2021"," ₹ 3,915.46 ","Mar 18, 2021"," ₹ 3,953.50 "," ₹ 3,969.62 "," ₹ 3,910.86 "," ₹ 3,915.46 ",-,-1.48%,1%,58.76,1.50%,,,,,,,,,,,,,,,,,
"Mar 17, 2021"," ₹ 3,974.12 ","Mar 17, 2021"," ₹ 3,949.57 "," ₹ 3,983.87 "," ₹ 3,935.74 "," ₹ 3,974.12 ",-,0.29%,0%,48.13,1.20%,,,,,,,,,,,,,,,,,
"Mar 16, 2021"," ₹ 3,962.71 ","Mar 16, 2021"," ₹ 3,973.59 "," ₹ 3,981.04 "," ₹ 3,953.44 "," ₹ 3,962.71 ",-,-0.16%,0%,27.6,0.70%,,,,,,,,,,,,,,,,,
"Mar 15, 2021"," ₹ 3,968.94 ","Mar 15, 2021"," ₹ 3,942.96 "," ₹ 3,970.08 "," ₹ 3,923.54 "," ₹ 3,968.94 ",-,0.65%,1%,46.54,1.20%,,,,,,,,,,,,,,,,,
"Mar 12, 2021"," ₹ 3,943.34 ","Mar 12, 2021"," ₹ 3,924.52 "," ₹ 3,944.99 "," ₹ 3,915.21 "," ₹ 3,943.34 ",-,0.10%,0%,29.78,0.80%,,,,,,,,,,,,,,,,,
"Mar 11, 2021"," ₹ 3,939.34 ","Mar 11, 2021"," ₹ 3,915.54 "," ₹ 3,960.27 "," ₹ 3,915.54 "," ₹ 3,939.34 ",-,1.04%,1%,44.73,1.10%,,,,,,,,,,,,,,,,,
"Mar 10, 2021"," ₹ 3,898.81 ","Mar 10, 2021"," ₹ 3,891.99 "," ₹ 3,917.35 "," ₹ 3,885.73 "," ₹ 3,898.81 ",-,0.60%,1%,31.62,0.80%,,,,,,,,,,,,,,,,,
"Mar 09, 2021"," ₹ 3,875.44 ","Mar 09, 2021"," ₹ 3,851.93 "," ₹ 3,903.76 "," ₹ 3,851.93 "," ₹ 3,875.44 ",-,1.42%,1%,51.83,1.30%,,,,,,,,,,,,,,,,,
"Mar 08, 2021"," ₹ 3,821.35 ","Mar 08, 2021"," ₹ 3,844.39 "," ₹ 3,881.06 "," ₹ 3,819.25 "," ₹ 3,821.35 ",-,-0.54%,1%,61.81,1.60%,,,,,,,,,,,,,,,,,
"Mar 05, 2021"," ₹ 3,841.94 ","Mar 05, 2021"," ₹ 3,793.58 "," ₹ 3,851.69 "," ₹ 3,730.19 "," ₹ 3,841.94 ",-,1.95%,2%,121.5,3.20%,,,,,,,,,,,,,,,,,
"Mar 04, 2021"," ₹ 3,768.47 ","Mar 04, 2021"," ₹ 3,818.53 "," ₹ 3,843.67 "," ₹ 3,723.34 "," ₹ 3,768.47 ",-,-1.34%,1%,120.33,3.20%,,,,,,,,,,,,,,,,,
"Mar 03, 2021"," ₹ 3,819.72 ","Mar 03, 2021"," ₹ 3,863.99 "," ₹ 3,874.47 "," ₹ 3,818.86 "," ₹ 3,819.72 ",-,-1.31%,1%,55.61,1.40%,,,,,,,,,,,,,,,,,
"Mar 02, 2021"," ₹ 3,870.29 ","Mar 02, 2021"," ₹ 3,903.64 "," ₹ 3,906.41 "," ₹ 3,868.57 "," ₹ 3,870.29 ",-,-0.81%,1%,37.84,1.00%,,,,,,,,,,,,,,,,,
"Mar 01, 2021"," ₹ 3,901.82 ","Mar 01, 2021"," ₹ 3,842.51 "," ₹ 3,914.50 "," ₹ 3,842.51 "," ₹ 3,901.82 ",-,2.38%,2%,71.99,1.90%,,,,,,,,,,,,,,,,,
"Feb 26, 2021"," ₹ 3,811.15 ","Feb 26, 2021"," ₹ 3,839.66 "," ₹ 3,861.08 "," ₹ 3,789.54 "," ₹ 3,811.15 ",-,-0.48%,0%,71.54,1.90%,,,,,,,,,,,,,,,,,
"Feb 25, 2021"," ₹ 3,829.34 ","Feb 25, 2021"," ₹ 3,915.80 "," ₹ 3,925.02 "," ₹ 3,814.04 "," ₹ 3,829.34 ",-,-2.45%,2%,110.98,2.80%,,,,,,,,,,,,,,,,,
"Feb 24, 2021"," ₹ 3,925.43 ","Feb 24, 2021"," ₹ 3,873.71 "," ₹ 3,928.65 "," ₹ 3,859.60 "," ₹ 3,925.43 ",-,1.14%,1%,69.05,1.80%,,,,,,,,,,,,,,,,,
"Feb 23, 2021"," ₹ 3,881.37 ","Feb 23, 2021"," ₹ 3,857.07 "," ₹ 3,895.98 "," ₹ 3,805.59 "," ₹ 3,881.37 ",-,0.13%,0%,90.39,2.30%,,,,,,,,,,,,,,,,,
"Feb 22, 2021"," ₹ 3,876.50 ","Feb 22, 2021"," ₹ 3,885.55 "," ₹ 3,902.92 "," ₹ 3,874.71 "," ₹ 3,876.50 ",-,-0.77%,1%,28.21,0.70%,,,,,,,,,,,,,,,,,
"Feb 19, 2021"," ₹ 3,906.71 ","Feb 19, 2021"," ₹ 3,921.16 "," ₹ 3,930.41 "," ₹ 3,903.07 "," ₹ 3,906.71 ",-,-0.19%,0%,27.34,0.70%,,,,,,,,,,,,,,,,,
"Feb 18, 2021"," ₹ 3,913.97 ","Feb 18, 2021"," ₹ 3,915.86 "," ₹ 3,921.98 "," ₹ 3,885.03 "," ₹ 3,913.97 ",-,-0.44%,0%,36.95,0.90%,,,,,,,,,,,,,,,,,
"Feb 17, 2021"," ₹ 3,931.33 ","Feb 17, 2021"," ₹ 3,918.50 "," ₹ 3,933.61 "," ₹ 3,900.43 "," ₹ 3,931.33 ",-,-0.03%,0%,33.18,0.80%,,,,,,,,,,,,,,,,,
"Feb 16, 2021"," ₹ 3,932.59 ","Feb 16, 2021"," ₹ 3,939.61 "," ₹ 3,950.43 "," ₹ 3,923.85 "," ₹ 3,932.59 ",-,-0.06%,0%,26.58,0.70%,,,,,,,,,,,,,,,,,
"Feb 12, 2021"," ₹ 3,934.83 ","Feb 12, 2021"," ₹ 3,911.65 "," ₹ 3,937.23 "," ₹ 3,905.78 "," ₹ 3,934.83 ",-,0.47%,0%,31.45,0.80%,,,,,,,,,,,,,,,,,
"Feb 11, 2021"," ₹ 3,916.38 ","Feb 11, 2021"," ₹ 3,916.40 "," ₹ 3,925.99 "," ₹ 3,890.39 "," ₹ 3,916.38 ",-,0.17%,0%,35.6,0.90%,,,,,,,,,,,,,,,,,
"Feb 10, 2021"," ₹ 3,909.88 ","Feb 10, 2021"," ₹ 3,920.78 "," ₹ 3,931.50 "," ₹ 3,884.94 "," ₹ 3,909.88 ",-,-0.03%,0%,46.56,1.20%,,,,,,,,,,,,,,,,,
"Feb 09, 2021"," ₹ 3,911.23 ","Feb 09, 2021"," ₹ 3,910.49 "," ₹ 3,918.35 "," ₹ 3,902.64 "," ₹ 3,911.23 ",-,-0.11%,0%,15.71,0.40%,,,,,,,,,,,,,,,,,
"Feb 08, 2021"," ₹ 3,915.59 ","Feb 08, 2021"," ₹ 3,892.59 "," ₹ 3,915.77 "," ₹ 3,892.59 "," ₹ 3,915.59 ",-,0.74%,1%,23.18,0.60%,,,,,,,,,,,,,,,,,
"Feb 05, 2021"," ₹ 3,886.83 ","Feb 05, 2021"," ₹ 3,878.30 "," ₹ 3,894.56 "," ₹ 3,874.93 "," ₹ 3,886.83 ",-,0.39%,0%,19.63,0.50%,,,,,,,,,,,,,,,,,
"Feb 04, 2021"," ₹ 3,871.74 ","Feb 04, 2021"," ₹ 3,836.66 "," ₹ 3,872.42 "," ₹ 3,836.66 "," ₹ 3,871.74 ",-,1.09%,1%,35.76,0.90%,,,,,,,,,,,,,,,,,
"Feb 03, 2021"," ₹ 3,830.17 ","Feb 03, 2021"," ₹ 3,840.27 "," ₹ 3,847.51 "," ₹ 3,816.68 "," ₹ 3,830.17 ",-,0.10%,0%,30.83,0.80%,,,,,,,,,,,,,,,,,
"Feb 02, 2021"," ₹ 3,826.31 ","Feb 02, 2021"," ₹ 3,791.84 "," ₹ 3,843.09 "," ₹ 3,791.84 "," ₹ 3,826.31 ",-,1.39%,1%,51.25,1.40%,,,,,,,,,,,,,,,,,
"Feb 01, 2021"," ₹ 3,773.86 ","Feb 01, 2021"," ₹ 3,731.17 "," ₹ 3,784.32 "," ₹ 3,725.62 "," ₹ 3,773.86 ",-,1.61%,2%,58.7,1.60%,,,,,,,,,,,,,,,,,
"Jan 29, 2021"," ₹ 3,714.24 ","Jan 29, 2021"," ₹ 3,778.05 "," ₹ 3,778.05 "," ₹ 3,694.12 "," ₹ 3,714.24 ",-,-1.93%,2%,83.93,2.20%,,,,,,,,,,,,,,,,,
"Jan 28, 2021"," ₹ 3,787.38 ","Jan 28, 2021"," ₹ 3,755.75 "," ₹ 3,830.50 "," ₹ 3,755.75 "," ₹ 3,787.38 ",-,0.98%,1%,74.75,2.00%,,,,,,,,,,,,,,,,,
"Jan 27, 2021"," ₹ 3,750.77 ","Jan 27, 2021"," ₹ 3,836.83 "," ₹ 3,836.83 "," ₹ 3,732.48 "," ₹ 3,750.77 ",-,-2.57%,3%,104.35,2.70%,,,,,,,,,,,,,,,,,
"Jan 26, 2021"," ₹ 3,849.62 ","Jan 26, 2021"," ₹ 3,862.96 "," ₹ 3,870.90 "," ₹ 3,847.78 "," ₹ 3,849.62 ",-,-0.15%,0%,23.12,0.60%,,,,,,,,,,,,,,,,,
"Jan 25, 2021"," ₹ 3,855.36 ","Jan 25, 2021"," ₹ 3,851.68 "," ₹ 3,859.23 "," ₹ 3,797.16 "," ₹ 3,855.36 ",-,0.36%,0%,62.07,1.60%,,,,,,,,,,,,,,,,,
"Jan 22, 2021"," ₹ 3,841.47 ","Jan 22, 2021"," ₹ 3,844.24 "," ₹ 3,852.31 "," ₹ 3,830.41 "," ₹ 3,841.47 ",-,-0.30%,0%,21.9,0.60%,,,,,,,,,,,,,,,,,
"Jan 21, 2021"," ₹ 3,853.07 ","Jan 21, 2021"," ₹ 3,857.46 "," ₹ 3,861.45 "," ₹ 3,845.05 "," ₹ 3,853.07 ",-,0.03%,0%,16.4,0.40%,,,,,,,,,,,,,,,,,
"Jan 20, 2021"," ₹ 3,851.85 ","Jan 20, 2021"," ₹ 3,816.22 "," ₹ 3,859.75 "," ₹ 3,816.22 "," ₹ 3,851.85 ",-,1.39%,1%,43.53,1.10%,,,,,,,,,,,,,,,,,
"Jan 19, 2021"," ₹ 3,798.91 ","Jan 19, 2021"," ₹ 3,781.88 "," ₹ 3,804.53 "," ₹ 3,780.37 "," ₹ 3,798.91 ",-,0.81%,1%,24.16,0.60%,,,,,,,,,,,,,,,,,
"Jan 15, 2021"," ₹ 3,768.25 ","Jan 15, 2021"," ₹ 3,788.73 "," ₹ 3,788.73 "," ₹ 3,749.62 "," ₹ 3,768.25 ",-,-0.72%,1%,39.11,1.00%,,,,,,,,,,,,,,,,,
"Jan 14, 2021"," ₹ 3,795.54 ","Jan 14, 2021"," ₹ 3,814.98 "," ₹ 3,823.60 "," ₹ 3,792.86 "," ₹ 3,795.54 ",-,-0.38%,0%,30.74,0.80%,,,,,,,,,,,,,,,,,
"Jan 13, 2021"," ₹ 3,809.84 ","Jan 13, 2021"," ₹ 3,802.23 "," ₹ 3,820.96 "," ₹ 3,791.50 "," ₹ 3,809.84 ",-,0.23%,0%,29.46,0.80%,,,,,,,,,,,,,,,,,
"Jan 12, 2021"," ₹ 3,801.19 ","Jan 12, 2021"," ₹ 3,801.62 "," ₹ 3,810.78 "," ₹ 3,776.51 "," ₹ 3,801.19 ",-,0.04%,0%,34.27,0.90%,,,,,,,,,,,,,,,,,
"Jan 11, 2021"," ₹ 3,799.61 ","Jan 11, 2021"," ₹ 3,803.14 "," ₹ 3,817.86 "," ₹ 3,789.02 "," ₹ 3,799.61 ",-,-0.66%,1%,28.84,0.80%,,,,,,,,,,,,,,,,,
"Jan 08, 2021"," ₹ 3,824.68 ","Jan 08, 2021"," ₹ 3,815.05 "," ₹ 3,826.69 "," ₹ 3,783.60 "," ₹ 3,824.68 ",-,0.55%,1%,43.09,1.10%,,,,,,,,,,,,,,,,,
"Jan 07, 2021"," ₹ 3,803.79 ","Jan 07, 2021"," ₹ 3,764.71 "," ₹ 3,811.55 "," ₹ 3,764.71 "," ₹ 3,803.79 ",-,1.48%,1%,46.84,1.20%,,,,,,,,,,,,,,,,,
"Jan 06, 2021"," ₹ 3,748.14 ","Jan 06, 2021"," ₹ 3,712.20 "," ₹ 3,783.04 "," ₹ 3,705.34 "," ₹ 3,748.14 ",-,0.57%,1%,77.7,2.10%,,,,,,,,,,,,,,,,,
"Jan 05, 2021"," ₹ 3,726.86 ","Jan 05, 2021"," ₹ 3,698.02 "," ₹ 3,737.83 "," ₹ 3,695.07 "," ₹ 3,726.86 ",-,0.71%,1%,42.76,1.20%,,,,,,,,,,,,,,,,,
"Jan 04, 2021"," ₹ 3,700.65 ","Jan 04, 2021"," ₹ 3,764.61 "," ₹ 3,769.99 "," ₹ 3,662.71 "," ₹ 3,700.65 ",-,-1.48%,1%,107.28,2.80%,,,,,,,,,,,,,,,,,
"Dec 31, 2020"," ₹ 3,756.07 ","Dec 31, 2020"," ₹ 3,733.27 "," ₹ 3,760.20 "," ₹ 3,726.88 "," ₹ 3,756.07 ",-,0.64%,1%,33.32,0.90%,,,,,,,,,,,,,,,,,
"Dec 30, 2020"," ₹ 3,732.04 ","Dec 30, 2020"," ₹ 3,736.19 "," ₹ 3,744.63 "," ₹ 3,730.21 "," ₹ 3,732.04 ",-,0.13%,0%,14.42,0.40%,,,,,,,,,,,,,,,,,
"Dec 29, 2020"," ₹ 3,727.04 ","Dec 29, 2020"," ₹ 3,750.01 "," ₹ 3,756.12 "," ₹ 3,723.31 "," ₹ 3,727.04 ",-,-0.22%,0%,32.81,0.90%,,,,,,,,,,,,,,,,,
"Dec 28, 2020"," ₹ 3,735.36 ","Dec 28, 2020"," ₹ 3,723.03 "," ₹ 3,740.51 "," ₹ 3,723.03 "," ₹ 3,735.36 ",-,0.87%,1%,17.48,0.50%,,,,,,,,,,,,,,,,,
"Dec 24, 2020"," ₹ 3,703.06 ","Dec 24, 2020"," ₹ 3,694.03 "," ₹ 3,703.82 "," ₹ 3,689.32 "," ₹ 3,703.06 ",-,0.35%,0%,14.5,0.40%,,,,,,,,,,,,,,,,,
"Dec 23, 2020"," ₹ 3,690.01 ","Dec 23, 2020"," ₹ 3,693.42 "," ₹ 3,711.24 "," ₹ 3,689.28 "," ₹ 3,690.01 ",-,0.07%,0%,21.96,0.60%,,,,,,,,,,,,,,,,,
"Dec 22, 2020"," ₹ 3,687.26 ","Dec 22, 2020"," ₹ 3,698.08 "," ₹ 3,698.26 "," ₹ 3,676.16 "," ₹ 3,687.26 ",-,-0.21%,0%,22.1,0.60%,,,,,,,,,,,,,,,,,
"Dec 21, 2020"," ₹ 3,694.92 ","Dec 21, 2020"," ₹ 3,684.28 "," ₹ 3,702.90 "," ₹ 3,636.48 "," ₹ 3,694.92 ",-,-0.39%,0%,66.42,1.80%,,,,,,,,,,,,,,,,,
"Dec 18, 2020"," ₹ 3,709.41 ","Dec 18, 2020"," ₹ 3,722.39 "," ₹ 3,726.70 "," ₹ 3,685.84 "," ₹ 3,709.41 ",-,-0.35%,0%,40.86,1.10%,,,,,,,,,,,,,,,,,
"Dec 17, 2020"," ₹ 3,722.48 ","Dec 17, 2020"," ₹ 3,713.65 "," ₹ 3,725.12 "," ₹ 3,710.87 "," ₹ 3,722.48 ",-,0.58%,1%,14.25,0.40%,,,,,,,,,,,,,,,,,
"Dec 16, 2020"," ₹ 3,701.17 ","Dec 16, 2020"," ₹ 3,696.25 "," ₹ 3,711.27 "," ₹ 3,688.57 "," ₹ 3,701.17 ",-,0.18%,0%,22.7,0.60%,,,,,,,,,,,,,,,,,
"Dec 15, 2020"," ₹ 3,694.62 ","Dec 15, 2020"," ₹ 3,666.41 "," ₹ 3,695.29 "," ₹ 3,659.62 "," ₹ 3,694.62 ",-,1.29%,1%,35.67,1.00%,,,,,,,,,,,,,,,,,
"Dec 14, 2020"," ₹ 3,647.49 ","Dec 14, 2020"," ₹ 3,675.27 "," ₹ 3,697.61 "," ₹ 3,645.84 "," ₹ 3,647.49 ",-,-0.44%,0%,51.77,1.40%,,,,,,,,,,,,,,,,,
"Dec 11, 2020"," ₹ 3,663.46 ","Dec 11, 2020"," ₹ 3,656.08 "," ₹ 3,665.91 "," ₹ 3,633.40 "," ₹ 3,663.46 ",-,-0.13%,0%,32.51,0.90%,,,,,,,,,,,,,,,,,
"Dec 10, 2020"," ₹ 3,668.10 ","Dec 10, 2020"," ₹ 3,659.13 "," ₹ 3,678.49 "," ₹ 3,645.18 "," ₹ 3,668.10 ",-,-0.13%,0%,33.31,0.90%,,,,,,,,,,,,,,,,,
"Dec 09, 2020"," ₹ 3,672.82 ","Dec 09, 2020"," ₹ 3,705.98 "," ₹ 3,712.39 "," ₹ 3,660.54 "," ₹ 3,672.82 ",-,-0.79%,1%,51.85,1.40%,,,,,,,,,,,,,,,,,
"Dec 08, 2020"," ₹ 3,702.25 ","Dec 08, 2020"," ₹ 3,683.05 "," ₹ 3,708.45 "," ₹ 3,678.83 "," ₹ 3,702.25 ",-,0.28%,0%,29.62,0.80%,,,,,,,,,,,,,,,,,
"Dec 07, 2020"," ₹ 3,691.96 ","Dec 07, 2020"," ₹ 3,694.73 "," ₹ 3,697.41 "," ₹ 3,678.88 "," ₹ 3,691.96 ",-,-0.19%,0%,18.53,0.50%,,,,,,,,,,,,,,,,,
"Dec 04, 2020"," ₹ 3,699.12 ","Dec 04, 2020"," ₹ 3,670.94 "," ₹ 3,699.20 "," ₹ 3,670.94 "," ₹ 3,699.12 ",-,0.88%,1%,28.26,0.80%,,,,,,,,,,,,,,,,,
"Dec 03, 2020"," ₹ 3,666.72 ","Dec 03, 2020"," ₹ 3,668.28 "," ₹ 3,682.73 "," ₹ 3,657.17 "," ₹ 3,666.72 ",-,-0.06%,0%,25.56,0.70%,,,,,,,,,,,,,,,,,
"Dec 02, 2020"," ₹ 3,669.01 ","Dec 02, 2020"," ₹ 3,653.78 "," ₹ 3,670.96 "," ₹ 3,644.84 "," ₹ 3,669.01 ",-,0.18%,0%,26.12,0.70%,,,,,,,,,,,,,,,,,
"Dec 01, 2020"," ₹ 3,662.45 ","Dec 01, 2020"," ₹ 3,645.87 "," ₹ 3,678.45 "," ₹ 3,645.87 "," ₹ 3,662.45 ",-,1.13%,1%,32.58,0.90%,,,,,,,,,,,,,,,,,
"Nov 30, 2020"," ₹ 3,621.63 ","Nov 30, 2020"," ₹ 3,634.18 "," ₹ 3,634.18 "," ₹ 3,594.39 "," ₹ 3,621.63 ",-,-0.46%,0%,39.79,1.10%,,,,,,,,,,,,,,,,,
"Nov 27, 2020"," ₹ 3,638.35 ","Nov 27, 2020"," ₹ 3,638.55 "," ₹ 3,644.31 "," ₹ 3,629.33 "," ₹ 3,638.35 ",-,0.24%,0%,14.98,0.40%,,,,,,,,,,,,,,,,,
"Nov 25, 2020"," ₹ 3,629.65 ","Nov 25, 2020"," ₹ 3,635.50 "," ₹ 3,635.50 "," ₹ 3,617.76 "," ₹ 3,629.65 ",-,-0.16%,0%,17.74,0.50%,,,,,,,,,,,,,,,,,
"Nov 24, 2020"," ₹ 3,635.41 ","Nov 24, 2020"," ₹ 3,594.52 "," ₹ 3,642.31 "," ₹ 3,594.52 "," ₹ 3,635.41 ",-,1.62%,2%,47.79,1.30%,,,,,,,,,,,,,,,,,
"Nov 23, 2020"," ₹ 3,577.59 ","Nov 23, 2020"," ₹ 3,566.82 "," ₹ 3,589.81 "," ₹ 3,552.77 "," ₹ 3,577.59 ",-,0.56%,1%,37.04,1.00%,,,,,,,,,,,,,,,,,
"Nov 20, 2020"," ₹ 3,557.54 ","Nov 20, 2020"," ₹ 3,579.31 "," ₹ 3,581.23 "," ₹ 3,556.85 "," ₹ 3,557.54 ",-,-0.68%,1%,24.38,0.70%,,,,,,,,,,,,,,,,,
"Nov 19, 2020"," ₹ 3,581.87 ","Nov 19, 2020"," ₹ 3,559.41 "," ₹ 3,585.22 "," ₹ 3,543.84 "," ₹ 3,581.87 ",-,0.39%,0%,41.38,1.20%,,,,,,,,,,,,,,,,,
"Nov 18, 2020"," ₹ 3,567.79 ","Nov 18, 2020"," ₹ 3,612.09 "," ₹ 3,619.09 "," ₹ 3,567.33 "," ₹ 3,567.79 ",-,-1.16%,1%,51.76,1.40%,,,,,,,,,,,,,,,,,
"Nov 17, 2020"," ₹ 3,609.53 ","Nov 17, 2020"," ₹ 3,610.31 "," ₹ 3,623.11 "," ₹ 3,588.68 "," ₹ 3,609.53 ",-,-0.48%,0%,34.43,1.00%,,,,,,,,,,,,,,,,,
"Nov 16, 2020"," ₹ 3,626.91 ","Nov 16, 2020"," ₹ 3,600.16 "," ₹ 3,628.51 "," ₹ 3,600.16 "," ₹ 3,626.91 ",-,1.16%,1%,28.35,0.80%,,,,,,,,,,,,,,,,,
"Nov 13, 2020"," ₹ 3,585.15 ","Nov 13, 2020"," ₹ 3,552.57 "," ₹ 3,593.66 "," ₹ 3,552.57 "," ₹ 3,585.15 ",-,1.36%,1%,41.09,1.20%,,,,,,,,,,,,,,,,,
"Nov 12, 2020"," ₹ 3,537.01 ","Nov 12, 2020"," ₹ 3,562.67 "," ₹ 3,569.02 "," ₹ 3,518.58 "," ₹ 3,537.01 ",-,-1.00%,1%,50.44,1.40%,,,,,,,,,,,,,,,,,
"Nov 11, 2020"," ₹ 3,572.66 ","Nov 11, 2020"," ₹ 3,563.22 "," ₹ 3,581.16 "," ₹ 3,557.00 "," ₹ 3,572.66 ",-,0.77%,1%,24.16,0.70%,,,,,,,,,,,,,,,,,
"Nov 10, 2020"," ₹ 3,545.53 ","Nov 10, 2020"," ₹ 3,543.26 "," ₹ 3,557.22 "," ₹ 3,511.91 "," ₹ 3,545.53 ",-,-0.14%,0%,45.31,1.30%,,,,,,,,,,,,,,,,,
"Nov 09, 2020"," ₹ 3,550.50 ","Nov 09, 2020"," ₹ 3,583.04 "," ₹ 3,645.99 "," ₹ 3,547.48 "," ₹ 3,550.50 ",-,1.17%,1%,98.51,2.70%,,,,,,,,,,,,,,,,,
"Nov 06, 2020"," ₹ 3,509.44 ","Nov 06, 2020"," ₹ 3,508.34 "," ₹ 3,521.58 "," ₹ 3,484.34 "," ₹ 3,509.44 ",-,-0.03%,0%,37.24,1.10%,,,,,,,,,,,,,,,,,
"Nov 05, 2020"," ₹ 3,510.45 ","Nov 05, 2020"," ₹ 3,485.74 "," ₹ 3,529.05 "," ₹ 3,485.74 "," ₹ 3,510.45 ",-,1.95%,2%,43.31,1.20%,,,,,,,,,,,,,,,,,
"Nov 04, 2020"," ₹ 3,443.44 ","Nov 04, 2020"," ₹ 3,406.46 "," ₹ 3,486.25 "," ₹ 3,405.17 "," ₹ 3,443.44 ",-,2.20%,2%,81.08,2.40%,,,,,,,,,,,,,,,,,
"Nov 03, 2020"," ₹ 3,369.16 ","Nov 03, 2020"," ₹ 3,336.25 "," ₹ 3,389.49 "," ₹ 3,336.25 "," ₹ 3,369.16 ",-,1.78%,2%,53.24,1.60%,,,,,,,,,,,,,,,,,
"Nov 02, 2020"," ₹ 3,310.24 ","Nov 02, 2020"," ₹ 3,296.20 "," ₹ 3,330.14 "," ₹ 3,279.74 "," ₹ 3,310.24 ",-,1.23%,1%,50.4,1.50%,,,,,,,,,,,,,,,,,
"Oct 30, 2020"," ₹ 3,269.96 ","Oct 30, 2020"," ₹ 3,293.59 "," ₹ 3,304.93 "," ₹ 3,233.94 "," ₹ 3,269.96 ",-,-1.21%,1%,70.99,2.20%,,,,,,,,,,,,,,,,,
"Oct 29, 2020"," ₹ 3,310.11 ","Oct 29, 2020"," ₹ 3,277.17 "," ₹ 3,341.05 "," ₹ 3,259.82 "," ₹ 3,310.11 ",-,1.19%,1%,81.23,2.50%,,,,,,,,,,,,,,,,,
"Oct 28, 2020"," ₹ 3,271.03 ","Oct 28, 2020"," ₹ 3,342.48 "," ₹ 3,342.48 "," ₹ 3,268.89 "," ₹ 3,271.03 ",-,-3.53%,4%,73.59,2.20%,,,,,,,,,,,,,,,,,
"Oct 27, 2020"," ₹ 3,390.68 ","Oct 27, 2020"," ₹ 3,403.15 "," ₹ 3,409.51 "," ₹ 3,388.71 "," ₹ 3,390.68 ",-,-0.30%,0%,20.8,0.60%,,,,,,,,,,,,,,,,,
"Oct 26, 2020"," ₹ 3,400.97 ","Oct 26, 2020"," ₹ 3,441.42 "," ₹ 3,441.42 "," ₹ 3,364.86 "," ₹ 3,400.97 ",-,-1.86%,2%,76.56,2.20%,,,,,,,,,,,,,,,,,
"Oct 23, 2020"," ₹ 3,465.39 ","Oct 23, 2020"," ₹ 3,464.90 "," ₹ 3,466.46 "," ₹ 3,440.45 "," ₹ 3,465.39 ",-,0.34%,0%,26.01,0.80%,,,,,,,,,,,,,,,,,
"Oct 22, 2020"," ₹ 3,453.49 ","Oct 22, 2020"," ₹ 3,438.50 "," ₹ 3,460.53 "," ₹ 3,415.34 "," ₹ 3,453.49 ",-,0.52%,1%,45.19,1.30%,,,,,,,,,,,,,,,,,
"Oct 21, 2020"," ₹ 3,435.56 ","Oct 21, 2020"," ₹ 3,439.91 "," ₹ 3,464.86 "," ₹ 3,433.06 "," ₹ 3,435.56 ",-,-0.22%,0%,31.8,0.90%,,,,,,,,,,,,,,,,,
"Oct 20, 2020"," ₹ 3,443.12 ","Oct 20, 2020"," ₹ 3,439.38 "," ₹ 3,476.93 "," ₹ 3,435.65 "," ₹ 3,443.12 ",-,0.47%,0%,41.28,1.20%,,,,,,,,,,,,,,,,,
"Oct 19, 2020"," ₹ 3,426.92 ","Oct 19, 2020"," ₹ 3,493.66 "," ₹ 3,502.42 "," ₹ 3,419.93 "," ₹ 3,426.92 ",-,-1.63%,2%,82.49,2.40%,,,,,,,,,,,,,,,,,
"Oct 16, 2020"," ₹ 3,483.81 ","Oct 16, 2020"," ₹ 3,493.50 "," ₹ 3,515.76 "," ₹ 3,480.45 "," ₹ 3,483.81 ",-,0.01%,0%,35.31,1.00%,,,,,,,,,,,,,,,,,
"Oct 15, 2020"," ₹ 3,483.34 ","Oct 15, 2020"," ₹ 3,453.72 "," ₹ 3,489.08 "," ₹ 3,440.89 "," ₹ 3,483.34 ",-,-0.15%,0%,48.19,1.40%,,,,,,,,,,,,,,,,,
"Oct 14, 2020"," ₹ 3,488.67 ","Oct 14, 2020"," ₹ 3,515.47 "," ₹ 3,527.94 "," ₹ 3,480.55 "," ₹ 3,488.67 ",-,-0.66%,1%,47.39,1.30%,,,,,,,,,,,,,,,,,
"Oct 13, 2020"," ₹ 3,511.93 ","Oct 13, 2020"," ₹ 3,534.01 "," ₹ 3,534.01 "," ₹ 3,500.86 "," ₹ 3,511.93 ",-,-0.63%,1%,33.15,0.90%,,,,,,,,,,,,,,,,,
"Oct 12, 2020"," ₹ 3,534.22 ","Oct 12, 2020"," ₹ 3,500.02 "," ₹ 3,549.85 "," ₹ 3,499.61 "," ₹ 3,534.22 ",-,1.64%,2%,50.24,1.40%,,,,,,,,,,,,,,,,,
"Oct 09, 2020"," ₹ 3,477.13 ","Oct 09, 2020"," ₹ 3,459.67 "," ₹ 3,482.34 "," ₹ 3,458.07 "," ₹ 3,477.13 ",-,0.88%,1%,24.27,0.70%,,,,,,,,,,,,,,,,,
"Oct 08, 2020"," ₹ 3,446.83 ","Oct 08, 2020"," ₹ 3,434.28 "," ₹ 3,447.28 "," ₹ 3,428.15 "," ₹ 3,446.83 ",-,0.80%,1%,19.13,0.60%,,,,,,,,,,,,,,,,,
"Oct 07, 2020"," ₹ 3,419.45 ","Oct 07, 2020"," ₹ 3,384.56 "," ₹ 3,426.26 "," ₹ 3,384.56 "," ₹ 3,419.45 ",-,1.74%,2%,41.7,1.20%,,,,,,,,,,,,,,,,,
"Oct 06, 2020"," ₹ 3,360.95 ","Oct 06, 2020"," ₹ 3,408.74 "," ₹ 3,431.56 "," ₹ 3,354.54 "," ₹ 3,360.95 ",-,-1.40%,1%,77.02,2.30%,,,,,,,,,,,,,,,,,
"Oct 05, 2020"," ₹ 3,408.63 ","Oct 05, 2020"," ₹ 3,367.27 "," ₹ 3,409.57 "," ₹ 3,367.27 "," ₹ 3,408.63 ",-,1.80%,2%,42.3,1.30%,,,,,,,,,,,,,,,,,
"Oct 02, 2020"," ₹ 3,348.44 ","Oct 02, 2020"," ₹ 3,338.94 "," ₹ 3,369.10 "," ₹ 3,323.69 "," ₹ 3,348.44 ",-,-0.96%,1%,45.41,1.40%,,,,,,,,,,,,,,,,,
"Oct 01, 2020"," ₹ 3,380.80 ","Oct 01, 2020"," ₹ 3,385.87 "," ₹ 3,397.18 "," ₹ 3,361.39 "," ₹ 3,380.80 ",-,0.53%,1%,35.79,1.10%,,,,,,,,,,,,,,,,,
"Sep 30, 2020"," ₹ 3,363.00 ","Sep 30, 2020"," ₹ 3,341.21 "," ₹ 3,393.56 "," ₹ 3,340.47 "," ₹ 3,363.00 ",-,0.83%,1%,53.09,1.60%,,,,,,,,,,,,,,,,,
"Sep 29, 2020"," ₹ 3,335.47 ","Sep 29, 2020"," ₹ 3,350.92 "," ₹ 3,357.92 "," ₹ 3,327.54 "," ₹ 3,335.47 ",-,-0.48%,0%,30.38,0.90%,,,,,,,,,,,,,,,,,
"Sep 28, 2020"," ₹ 3,351.60 ","Sep 28, 2020"," ₹ 3,333.90 "," ₹ 3,360.74 "," ₹ 3,332.91 "," ₹ 3,351.60 ",-,1.61%,2%,27.83,0.80%,,,,,,,,,,,,,,,,,
"Sep 25, 2020"," ₹ 3,298.46 ","Sep 25, 2020"," ₹ 3,236.66 "," ₹ 3,306.88 "," ₹ 3,228.44 "," ₹ 3,298.46 ",-,1.60%,2%,78.44,2.40%,,,,,,,,,,,,,,,,,
"Sep 24, 2020"," ₹ 3,246.59 ","Sep 24, 2020"," ₹ 3,226.14 "," ₹ 3,278.70 "," ₹ 3,209.45 "," ₹ 3,246.59 ",-,0.30%,0%,69.25,2.10%,,,,,,,,,,,,,,,,,
"Sep 23, 2020"," ₹ 3,236.92 ","Sep 23, 2020"," ₹ 3,320.11 "," ₹ 3,323.35 "," ₹ 3,232.57 "," ₹ 3,236.92 ",-,-2.37%,2%,90.78,2.70%,,,,,,,,,,,,,,,,,
"Sep 22, 2020"," ₹ 3,315.57 ","Sep 22, 2020"," ₹ 3,295.75 "," ₹ 3,320.31 "," ₹ 3,270.95 "," ₹ 3,315.57 ",-,1.05%,1%,49.36,1.50%,,,,,,,,,,,,,,,,,
"Sep 21, 2020"," ₹ 3,281.06 ","Sep 21, 2020"," ₹ 3,285.57 "," ₹ 3,285.57 "," ₹ 3,229.10 "," ₹ 3,281.06 ",-,-1.16%,1%,56.47,1.70%,,,,,,,,,,,,,,,,,
"Sep 18, 2020"," ₹ 3,319.47 ","Sep 18, 2020"," ₹ 3,357.38 "," ₹ 3,362.27 "," ₹ 3,292.40 "," ₹ 3,319.47 ",-,-1.12%,1%,69.87,2.10%,,,,,,,,,,,,,,,,,
"Sep 17, 2020"," ₹ 3,357.01 ","Sep 17, 2020"," ₹ 3,346.86 "," ₹ 3,375.17 "," ₹ 3,328.82 "," ₹ 3,357.01 ",-,-0.84%,1%,46.35,1.40%,,,,,,,,,,,,,,,,,
"Sep 16, 2020"," ₹ 3,385.49 ","Sep 16, 2020"," ₹ 3,411.23 "," ₹ 3,428.92 "," ₹ 3,384.45 "," ₹ 3,385.49 ",-,-0.46%,0%,44.47,1.30%,,,,,,,,,,,,,,,,,
"Sep 15, 2020"," ₹ 3,401.20 ","Sep 15, 2020"," ₹ 3,407.73 "," ₹ 3,419.48 "," ₹ 3,389.25 "," ₹ 3,401.20 ",-,0.52%,1%,30.23,0.90%,,,,,,,,,,,,,,,,,
"Sep 14, 2020"," ₹ 3,383.54 ","Sep 14, 2020"," ₹ 3,363.56 "," ₹ 3,402.93 "," ₹ 3,363.56 "," ₹ 3,383.54 ",-,1.27%,1%,39.37,1.20%,,,,,,,,,,,,,,,,,
"Sep 11, 2020"," ₹ 3,340.97 ","Sep 11, 2020"," ₹ 3,352.70 "," ₹ 3,368.95 "," ₹ 3,310.47 "," ₹ 3,340.97 ",-,0.05%,0%,58.48,1.70%,,,,,,,,,,,,,,,,,
"Sep 10, 2020"," ₹ 3,339.19 ","Sep 10, 2020"," ₹ 3,412.56 "," ₹ 3,425.55 "," ₹ 3,329.25 "," ₹ 3,339.19 ",-,-1.76%,2%,96.3,2.80%,,,,,,,,,,,,,,,,,
"Sep 09, 2020"," ₹ 3,398.96 ","Sep 09, 2020"," ₹ 3,369.82 "," ₹ 3,424.77 "," ₹ 3,366.84 "," ₹ 3,398.96 ",-,2.01%,2%,57.93,1.70%,,,,,,,,,,,,,,,,,
"Sep 08, 2020"," ₹ 3,331.84 ","Sep 08, 2020"," ₹ 3,371.88 "," ₹ 3,379.97 "," ₹ 3,329.27 "," ₹ 3,331.84 ",-,-2.78%,3%,50.7,1.50%,,,,,,,,,,,,,,,,,
"Sep 04, 2020"," ₹ 3,426.96 ","Sep 04, 2020"," ₹ 3,453.60 "," ₹ 3,479.15 "," ₹ 3,349.63 "," ₹ 3,426.96 ",-,-0.81%,1%,129.52,3.80%,,,,,,,,,,,,,,,,,
"Sep 03, 2020"," ₹ 3,455.06 ","Sep 03, 2020"," ₹ 3,564.74 "," ₹ 3,564.85 "," ₹ 3,427.41 "," ₹ 3,455.06 ",-,-3.51%,4%,137.44,3.90%,,,,,,,,,,,,,,,,,
"Sep 02, 2020"," ₹ 3,580.84 ","Sep 02, 2020"," ₹ 3,543.76 "," ₹ 3,588.11 "," ₹ 3,535.23 "," ₹ 3,580.84 ",-,1.54%,2%,52.88,1.50%,,,,,,,,,,,,,,,,,
"Sep 01, 2020"," ₹ 3,526.65 ","Sep 01, 2020"," ₹ 3,507.44 "," ₹ 3,528.03 "," ₹ 3,494.60 "," ₹ 3,526.65 ",-,0.75%,1%,33.43,1.00%,,,,,,,,,,,,,,,,,
"Aug 31, 2020"," ₹ 3,500.31 ","Aug 31, 2020"," ₹ 3,509.73 "," ₹ 3,514.77 "," ₹ 3,493.25 "," ₹ 3,500.31 ",-,-0.22%,0%,21.52,0.60%,,,,,,,,,,,,,,,,,
"Aug 28, 2020"," ₹ 3,508.01 ","Aug 28, 2020"," ₹ 3,494.69 "," ₹ 3,509.23 "," ₹ 3,484.32 "," ₹ 3,508.01 ",-,0.67%,1%,24.91,0.70%,,,,,,,,,,,,,,,,,
"Aug 27, 2020"," ₹ 3,484.55 ","Aug 27, 2020"," ₹ 3,485.14 "," ₹ 3,501.38 "," ₹ 3,468.35 "," ₹ 3,484.55 ",-,0.17%,0%,33.03,0.90%,,,,,,,,,,,,,,,,,
"Aug 26, 2020"," ₹ 3,478.73 ","Aug 26, 2020"," ₹ 3,449.97 "," ₹ 3,481.07 "," ₹ 3,444.15 "," ₹ 3,478.73 ",-,1.02%,1%,36.92,1.10%,,,,,,,,,,,,,,,,,
"Aug 25, 2020"," ₹ 3,443.62 ","Aug 25, 2020"," ₹ 3,435.95 "," ₹ 3,444.21 "," ₹ 3,425.84 "," ₹ 3,443.62 ",-,0.36%,0%,18.37,0.50%,,,,,,,,,,,,,,,,,
"Aug 24, 2020"," ₹ 3,431.28 ","Aug 24, 2020"," ₹ 3,418.09 "," ₹ 3,432.09 "," ₹ 3,413.13 "," ₹ 3,431.28 ",-,1.00%,1%,18.96,0.60%,,,,,,,,,,,,,,,,,
"Aug 21, 2020"," ₹ 3,397.16 ","Aug 21, 2020"," ₹ 3,386.01 "," ₹ 3,399.96 "," ₹ 3,379.31 "," ₹ 3,397.16 ",-,0.34%,0%,20.65,0.60%,,,,,,,,,,,,,,,,,
"Aug 20, 2020"," ₹ 3,385.51 ","Aug 20, 2020"," ₹ 3,360.48 "," ₹ 3,390.80 "," ₹ 3,354.69 "," ₹ 3,385.51 ",-,0.32%,0%,36.11,1.10%,,,,,,,,,,,,,,,,,
"Aug 19, 2020"," ₹ 3,374.85 ","Aug 19, 2020"," ₹ 3,392.51 "," ₹ 3,399.54 "," ₹ 3,369.66 "," ₹ 3,374.85 ",-,-0.44%,0%,29.88,0.90%,,,,,,,,,,,,,,,,,
"Aug 18, 2020"," ₹ 3,389.78 ","Aug 18, 2020"," ₹ 3,387.04 "," ₹ 3,395.06 "," ₹ 3,370.15 "," ₹ 3,389.78 ",-,0.23%,0%,24.91,0.70%,,,,,,,,,,,,,,,,,
"Aug 17, 2020"," ₹ 3,381.99 ","Aug 17, 2020"," ₹ 3,380.86 "," ₹ 3,387.59 "," ₹ 3,379.22 "," ₹ 3,381.99 ",-,0.27%,0%,8.37,0.20%,,,,,,,,,,,,,,,,,
"Aug 14, 2020"," ₹ 3,372.85 ","Aug 14, 2020"," ₹ 3,368.66 "," ₹ 3,378.51 "," ₹ 3,361.64 "," ₹ 3,372.85 ",-,-0.02%,0%,16.87,0.50%,,,,,,,,,,,,,,,,,
"Aug 13, 2020"," ₹ 3,373.43 ","Aug 13, 2020"," ₹ 3,372.95 "," ₹ 3,387.24 "," ₹ 3,363.35 "," ₹ 3,373.43 ",-,-0.20%,0%,23.89,0.70%,,,,,,,,,,,,,,,,,
"Aug 12, 2020"," ₹ 3,380.35 ","Aug 12, 2020"," ₹ 3,355.46 "," ₹ 3,387.89 "," ₹ 3,355.46 "," ₹ 3,380.35 ",-,1.40%,1%,32.43,1.00%,,,,,,,,,,,,,,,,,
"Aug 11, 2020"," ₹ 3,333.69 ","Aug 11, 2020"," ₹ 3,370.34 "," ₹ 3,381.01 "," ₹ 3,326.44 "," ₹ 3,333.69 ",-,-0.80%,1%,54.57,1.60%,,,,,,,,,,,,,,,,,
"Aug 10, 2020"," ₹ 3,360.47 ","Aug 10, 2020"," ₹ 3,356.04 "," ₹ 3,363.29 "," ₹ 3,335.44 "," ₹ 3,360.47 ",-,0.27%,0%,27.85,0.80%,,,,,,,,,,,,,,,,,
"Aug 07, 2020"," ₹ 3,351.28 ","Aug 07, 2020"," ₹ 3,340.05 "," ₹ 3,352.54 "," ₹ 3,328.72 "," ₹ 3,351.28 ",-,0.06%,0%,23.82,0.70%,,,,,,,,,,,,,,,,,
"Aug 06, 2020"," ₹ 3,349.16 ","Aug 06, 2020"," ₹ 3,323.17 "," ₹ 3,351.03 "," ₹ 3,318.14 "," ₹ 3,349.16 ",-,0.64%,1%,32.89,1.00%,,,,,,,,,,,,,,,,,
"Aug 05, 2020"," ₹ 3,327.77 ","Aug 05, 2020"," ₹ 3,317.37 "," ₹ 3,330.77 "," ₹ 3,317.37 "," ₹ 3,327.77 ",-,0.64%,1%,13.4,0.40%,,,,,,,,,,,,,,,,,
"Aug 04, 2020"," ₹ 3,306.51 ","Aug 04, 2020"," ₹ 3,289.92 "," ₹ 3,306.84 "," ₹ 3,286.37 "," ₹ 3,306.51 ",-,0.36%,0%,20.47,0.60%,,,,,,,,,,,,,,,,,
"Aug 03, 2020"," ₹ 3,294.61 ","Aug 03, 2020"," ₹ 3,288.26 "," ₹ 3,302.73 "," ₹ 3,284.53 "," ₹ 3,294.61 ",-,0.72%,1%,18.2,0.60%,,,,,,,,,,,,,,,,,
"Jul 31, 2020"," ₹ 3,271.12 ","Jul 31, 2020"," ₹ 3,270.45 "," ₹ 3,272.17 "," ₹ 3,220.26 "," ₹ 3,271.12 ",-,0.77%,1%,51.91,1.60%,,,,,,,,,,,,,,,,,
"Jul 30, 2020"," ₹ 3,246.22 ","Jul 30, 2020"," ₹ 3,231.76 "," ₹ 3,250.92 "," ₹ 3,204.13 "," ₹ 3,246.22 ",-,-0.38%,0%,46.79,1.40%,,,,,,,,,,,,,,,,,
"Jul 29, 2020"," ₹ 3,258.44 ","Jul 29, 2020"," ₹ 3,227.22 "," ₹ 3,264.74 "," ₹ 3,227.22 "," ₹ 3,258.44 ",-,1.24%,1%,37.52,1.20%,,,,,,,,,,,,,,,,,
"Jul 28, 2020"," ₹ 3,218.44 ","Jul 28, 2020"," ₹ 3,234.27 "," ₹ 3,243.72 "," ₹ 3,216.17 "," ₹ 3,218.44 ",-,-0.65%,1%,27.55,0.90%,,,,,,,,,,,,,,,,,
"Jul 27, 2020"," ₹ 3,239.41 ","Jul 27, 2020"," ₹ 3,219.84 "," ₹ 3,241.43 "," ₹ 3,214.25 "," ₹ 3,239.41 ",-,0.74%,1%,27.18,0.80%,,,,,,,,,,,,,,,,,
"Jul 24, 2020"," ₹ 3,215.63 ","Jul 24, 2020"," ₹ 3,218.58 "," ₹ 3,227.26 "," ₹ 3,200.05 "," ₹ 3,215.63 ",-,-0.62%,1%,27.21,0.80%,,,,,,,,,,,,,,,,,
"Jul 23, 2020"," ₹ 3,235.66 ","Jul 23, 2020"," ₹ 3,271.64 "," ₹ 3,279.99 "," ₹ 3,222.66 "," ₹ 3,235.66 ",-,-1.23%,1%,57.33,1.80%,,,,,,,,,,,,,,,,,
"Jul 22, 2020"," ₹ 3,276.02 ","Jul 22, 2020"," ₹ 3,254.86 "," ₹ 3,279.32 "," ₹ 3,253.10 "," ₹ 3,276.02 ",-,0.57%,1%,26.22,0.80%,,,,,,,,,,,,,,,,,
"Jul 21, 2020"," ₹ 3,257.30 ","Jul 21, 2020"," ₹ 3,268.52 "," ₹ 3,277.29 "," ₹ 3,247.77 "," ₹ 3,257.30 ",-,0.17%,0%,29.52,0.90%,,,,,,,,,,,,,,,,,
"Jul 20, 2020"," ₹ 3,251.84 ","Jul 20, 2020"," ₹ 3,224.29 "," ₹ 3,258.61 "," ₹ 3,215.16 "," ₹ 3,251.84 ",-,0.84%,1%,43.45,1.30%,,,,,,,,,,,,,,,,,
"Jul 17, 2020"," ₹ 3,224.73 ","Jul 17, 2020"," ₹ 3,224.21 "," ₹ 3,233.52 "," ₹ 3,205.65 "," ₹ 3,224.73 ",-,0.28%,0%,27.87,0.90%,,,,,,,,,,,,,,,,,
"Jul 16, 2020"," ₹ 3,215.57 ","Jul 16, 2020"," ₹ 3,208.36 "," ₹ 3,220.39 "," ₹ 3,198.59 "," ₹ 3,215.57 ",-,-0.34%,0%,21.8,0.70%,,,,,,,,,,,,,,,,,
"Jul 15, 2020"," ₹ 3,226.56 ","Jul 15, 2020"," ₹ 3,225.98 "," ₹ 3,238.28 "," ₹ 3,200.76 "," ₹ 3,226.56 ",-,0.91%,1%,37.52,1.20%,,,,,,,,,,,,,,,,,
"Jul 14, 2020"," ₹ 3,197.52 ","Jul 14, 2020"," ₹ 3,141.11 "," ₹ 3,200.95 "," ₹ 3,127.66 "," ₹ 3,197.52 ",-,1.34%,1%,73.29,2.30%,,,,,,,,,,,,,,,,,
"Jul 13, 2020"," ₹ 3,155.22 ","Jul 13, 2020"," ₹ 3,205.08 "," ₹ 3,235.32 "," ₹ 3,149.43 "," ₹ 3,155.22 ",-,-0.94%,1%,85.89,2.70%,,,,,,,,,,,,,,,,,
"Jul 10, 2020"," ₹ 3,185.04 ","Jul 10, 2020"," ₹ 3,152.47 "," ₹ 3,186.82 "," ₹ 3,136.22 "," ₹ 3,185.04 ",-,1.05%,1%,50.6,1.60%,,,,,,,,,,,,,,,,,
"Jul 09, 2020"," ₹ 3,152.05 ","Jul 09, 2020"," ₹ 3,176.17 "," ₹ 3,179.78 "," ₹ 3,115.70 "," ₹ 3,152.05 ",-,-0.56%,1%,64.08,2.00%,,,,,,,,,,,,,,,,,
"Jul 08, 2020"," ₹ 3,169.94 ","Jul 08, 2020"," ₹ 3,153.07 "," ₹ 3,171.80 "," ₹ 3,136.53 "," ₹ 3,169.94 ",-,0.78%,1%,35.27,1.10%,,,,,,,,,,,,,,,,,
"Jul 07, 2020"," ₹ 3,145.32 ","Jul 07, 2020"," ₹ 3,166.44 "," ₹ 3,184.15 "," ₹ 3,142.93 "," ₹ 3,145.32 ",-,-1.08%,1%,41.22,1.30%,,,,,,,,,,,,,,,,,
"Jul 06, 2020"," ₹ 3,179.72 ","Jul 06, 2020"," ₹ 3,155.29 "," ₹ 3,182.59 "," ₹ 3,155.29 "," ₹ 3,179.72 ",-,1.59%,2%,27.3,0.90%,,,,,,,,,,,,,,,,,
"Jul 02, 2020"," ₹ 3,130.01 ","Jul 02, 2020"," ₹ 3,143.64 "," ₹ 3,165.81 "," ₹ 3,124.52 "," ₹ 3,130.01 ",-,0.45%,0%,41.29,1.30%,,,,,,,,,,,,,,,,,
"Jul 01, 2020"," ₹ 3,115.86 ","Jul 01, 2020"," ₹ 3,105.92 "," ₹ 3,128.44 "," ₹ 3,101.17 "," ₹ 3,115.86 ",-,0.50%,1%,27.27,0.90%,,,,,,,,,,,,,,,,,
"Jun 30, 2020"," ₹ 3,100.29 ","Jun 30, 2020"," ₹ 3,050.20 "," ₹ 3,111.51 "," ₹ 3,047.83 "," ₹ 3,100.29 ",-,1.54%,2%,63.68,2.10%,,,,,,,,,,,,,,,,,
"Jun 29, 2020"," ₹ 3,053.24 ","Jun 29, 2020"," ₹ 3,018.59 "," ₹ 3,053.89 "," ₹ 2,999.74 "," ₹ 3,053.24 ",-,1.47%,1%,54.15,1.80%,,,,,,,,,,,,,,,,,
"Jun 26, 2020"," ₹ 3,009.05 ","Jun 26, 2020"," ₹ 3,073.20 "," ₹ 3,073.73 "," ₹ 3,004.63 "," ₹ 3,009.05 ",-,-2.42%,2%,69.1,2.20%,,,,,,,,,,,,,,,,,
"Jun 25, 2020"," ₹ 3,083.76 ","Jun 25, 2020"," ₹ 3,046.60 "," ₹ 3,086.25 "," ₹ 3,024.01 "," ₹ 3,083.76 ",-,1.10%,1%,62.24,2.00%,,,,,,,,,,,,,,,,,
"Jun 24, 2020"," ₹ 3,050.33 ","Jun 24, 2020"," ₹ 3,114.40 "," ₹ 3,115.01 "," ₹ 3,032.13 "," ₹ 3,050.33 ",-,-2.59%,3%,82.88,2.70%,,,,,,,,,,,,,,,,,
"Jun 23, 2020"," ₹ 3,131.29 ","Jun 23, 2020"," ₹ 3,138.70 "," ₹ 3,154.90 "," ₹ 3,127.12 "," ₹ 3,131.29 ",-,0.43%,0%,27.78,0.90%,,,,,,,,,,,,,,,,,
"Jun 22, 2020"," ₹ 3,117.86 ","Jun 22, 2020"," ₹ 3,094.42 "," ₹ 3,120.92 "," ₹ 3,079.39 "," ₹ 3,117.86 ",-,0.65%,1%,41.53,1.30%,,,,,,,,,,,,,,,,,
"Jun 19, 2020"," ₹ 3,097.74 ","Jun 19, 2020"," ₹ 3,140.29 "," ₹ 3,155.53 "," ₹ 3,083.11 "," ₹ 3,097.74 ",-,-0.56%,1%,72.42,2.30%,,,,,,,,,,,,,,,,,
"Jun 18, 2020"," ₹ 3,115.34 ","Jun 18, 2020"," ₹ 3,101.64 "," ₹ 3,120.00 "," ₹ 3,093.51 "," ₹ 3,115.34 ",-,0.06%,0%,26.49,0.90%,,,,,,,,,,,,,,,,,
"Jun 17, 2020"," ₹ 3,113.49 ","Jun 17, 2020"," ₹ 3,136.13 "," ₹ 3,141.16 "," ₹ 3,108.03 "," ₹ 3,113.49 ",-,-0.36%,0%,33.13,1.10%,,,,,,,,,,,,,,,,,
"Jun 16, 2020"," ₹ 3,124.74 ","Jun 16, 2020"," ₹ 3,131.00 "," ₹ 3,153.45 "," ₹ 3,076.06 "," ₹ 3,124.74 ",-,1.90%,2%,77.39,2.50%,,,,,,,,,,,,,,,,,
"Jun 15, 2020"," ₹ 3,066.59 ","Jun 15, 2020"," ₹ 2,993.76 "," ₹ 3,079.76 "," ₹ 2,965.66 "," ₹ 3,066.59 ",-,0.83%,1%,114.1,3.80%,,,,,,,,,,,,,,,,,
"Jun 12, 2020"," ₹ 3,041.31 ","Jun 12, 2020"," ₹ 3,071.04 "," ₹ 3,088.42 "," ₹ 2,984.47 "," ₹ 3,041.31 ",-,1.31%,1%,103.95,3.40%,,,,,,,,,,,,,,,,,
"Jun 11, 2020"," ₹ 3,002.10 ","Jun 11, 2020"," ₹ 3,123.53 "," ₹ 3,123.53 "," ₹ 2,999.49 "," ₹ 3,002.10 ",-,-5.89%,6%,124.04,4.00%,,,,,,,,,,,,,,,,,
"Jun 10, 2020"," ₹ 3,190.14 ","Jun 10, 2020"," ₹ 3,213.42 "," ₹ 3,223.27 "," ₹ 3,181.49 "," ₹ 3,190.14 ",-,-0.53%,1%,41.78,1.30%,,,,,,,,,,,,,,,,,
"Jun 09, 2020"," ₹ 3,207.18 ","Jun 09, 2020"," ₹ 3,213.32 "," ₹ 3,222.71 "," ₹ 3,193.11 "," ₹ 3,207.18 ",-,-0.78%,1%,29.6,0.90%,,,,,,,,,,,,,,,,,
"Jun 08, 2020"," ₹ 3,232.39 ","Jun 08, 2020"," ₹ 3,199.92 "," ₹ 3,233.13 "," ₹ 3,196.00 "," ₹ 3,232.39 ",-,1.20%,1%,37.13,1.20%,,,,,,,,,,,,,,,,,
"Jun 05, 2020"," ₹ 3,193.93 ","Jun 05, 2020"," ₹ 3,163.84 "," ₹ 3,211.72 "," ₹ 3,163.84 "," ₹ 3,193.93 ",-,2.62%,3%,47.88,1.50%,,,,,,,,,,,,,,,,,
"Jun 04, 2020"," ₹ 3,112.35 ","Jun 04, 2020"," ₹ 3,111.56 "," ₹ 3,128.91 "," ₹ 3,090.41 "," ₹ 3,112.35 ",-,-0.34%,0%,38.5,1.20%,,,,,,,,,,,,,,,,,
"Jun 03, 2020"," ₹ 3,122.87 ","Jun 03, 2020"," ₹ 3,098.90 "," ₹ 3,130.94 "," ₹ 3,098.90 "," ₹ 3,122.87 ",-,1.36%,1%,32.04,1.00%,,,,,,,,,,,,,,,,,
"Jun 02, 2020"," ₹ 3,080.82 ","Jun 02, 2020"," ₹ 3,064.78 "," ₹ 3,081.07 "," ₹ 3,051.64 "," ₹ 3,080.82 ",-,0.82%,1%,29.43,1.00%,,,,,,,,,,,,,,,,,
"Jun 01, 2020"," ₹ 3,055.73 ","Jun 01, 2020"," ₹ 3,038.78 "," ₹ 3,062.18 "," ₹ 3,031.54 "," ₹ 3,055.73 ",-,0.38%,0%,30.64,1.00%,,,,,,,,,,,,,,,,,
"May 29, 2020"," ₹ 3,044.31 ","May 29, 2020"," ₹ 3,025.17 "," ₹ 3,049.17 "," ₹ 2,998.61 "," ₹ 3,044.31 ",-,0.48%,0%,50.56,1.70%,,,,,,,,,,,,,,,,,
"May 28, 2020"," ₹ 3,029.73 ","May 28, 2020"," ₹ 3,046.61 "," ₹ 3,068.67 "," ₹ 3,023.40 "," ₹ 3,029.73 ",-,-0.21%,0%,45.27,1.50%,,,,,,,,,,,,,,,,,
"May 27, 2020"," ₹ 3,036.13 ","May 27, 2020"," ₹ 3,015.65 "," ₹ 3,036.25 "," ₹ 2,969.75 "," ₹ 3,036.13 ",-,1.48%,1%,66.5,2.20%,,,,,,,,,,,,,,,,,
"May 26, 2020"," ₹ 2,991.77 ","May 26, 2020"," ₹ 3,004.08 "," ₹ 3,021.72 "," ₹ 2,988.17 "," ₹ 2,991.77 ",-,1.23%,1%,33.55,1.10%,,,,,,,,,,,,,,,,,
"May 22, 2020"," ₹ 2,955.45 ","May 22, 2020"," ₹ 2,948.05 "," ₹ 2,956.76 "," ₹ 2,933.59 "," ₹ 2,955.45 ",-,0.24%,0%,23.17,0.80%,,,,,,,,,,,,,,,,,
"May 21, 2020"," ₹ 2,948.51 ","May 21, 2020"," ₹ 2,969.95 "," ₹ 2,978.50 "," ₹ 2,938.57 "," ₹ 2,948.51 ",-,-0.78%,1%,39.93,1.30%,,,,,,,,,,,,,,,,,
"May 20, 2020"," ₹ 2,971.61 ","May 20, 2020"," ₹ 2,953.63 "," ₹ 2,980.29 "," ₹ 2,953.63 "," ₹ 2,971.61 ",-,1.67%,2%,26.66,0.90%,,,,,,,,,,,,,,,,,
"May 19, 2020"," ₹ 2,922.94 ","May 19, 2020"," ₹ 2,948.59 "," ₹ 2,964.21 "," ₹ 2,922.35 "," ₹ 2,922.94 ",-,-1.05%,1%,41.86,1.40%,,,,,,,,,,,,,,,,,
"May 18, 2020"," ₹ 2,953.91 ","May 18, 2020"," ₹ 2,913.86 "," ₹ 2,968.09 "," ₹ 2,913.86 "," ₹ 2,953.91 ",-,3.15%,3%,54.23,1.90%,,,,,,,,,,,,,,,,,
"May 15, 2020"," ₹ 2,863.70 ","May 15, 2020"," ₹ 2,829.95 "," ₹ 2,865.01 "," ₹ 2,816.78 "," ₹ 2,863.70 ",-,0.39%,0%,48.23,1.70%,,,,,,,,,,,,,,,,,
"May 14, 2020"," ₹ 2,852.50 ","May 14, 2020"," ₹ 2,794.54 "," ₹ 2,852.80 "," ₹ 2,766.64 "," ₹ 2,852.50 ",-,1.15%,1%,86.16,3.10%,,,,,,,,,,,,,,,,,
"May 13, 2020"," ₹ 2,820.00 ","May 13, 2020"," ₹ 2,865.86 "," ₹ 2,874.14 "," ₹ 2,793.15 "," ₹ 2,820.00 ",-,-1.75%,2%,80.99,2.80%,,,,,,,,,,,,,,,,,
"May 12, 2020"," ₹ 2,870.12 ","May 12, 2020"," ₹ 2,939.50 "," ₹ 2,945.82 "," ₹ 2,869.59 "," ₹ 2,870.12 ",-,-2.05%,2%,76.23,2.60%,,,,,,,,,,,,,,,,,
"May 11, 2020"," ₹ 2,930.32 ","May 11, 2020"," ₹ 2,915.46 "," ₹ 2,944.25 "," ₹ 2,903.44 "," ₹ 2,930.32 ",-,0.02%,0%,40.81,1.40%,,,,,,,,,,,,,,,,,
"May 08, 2020"," ₹ 2,929.80 ","May 08, 2020"," ₹ 2,908.83 "," ₹ 2,932.16 "," ₹ 2,902.88 "," ₹ 2,929.80 ",-,1.69%,2%,29.28,1.00%,,,,,,,,,,,,,,,,,
"May 07, 2020"," ₹ 2,881.19 ","May 07, 2020"," ₹ 2,878.26 "," ₹ 2,901.92 "," ₹ 2,876.48 "," ₹ 2,881.19 ",-,1.15%,1%,25.44,0.90%,,,,,,,,,,,,,,,,,
"May 06, 2020"," ₹ 2,848.42 ","May 06, 2020"," ₹ 2,883.14 "," ₹ 2,891.11 "," ₹ 2,847.65 "," ₹ 2,848.42 ",-,-0.70%,1%,43.46,1.50%,,,,,,,,,,,,,,,,,
"May 05, 2020"," ₹ 2,868.44 ","May 05, 2020"," ₹ 2,868.88 "," ₹ 2,898.23 "," ₹ 2,863.55 "," ₹ 2,868.44 ",-,0.90%,1%,34.68,1.20%,,,,,,,,,,,,,,,,,
"May 04, 2020"," ₹ 2,842.74 ","May 04, 2020"," ₹ 2,815.01 "," ₹ 2,844.24 "," ₹ 2,797.85 "," ₹ 2,842.74 ",-,0.42%,0%,46.39,1.60%,,,,,,,,,,,,,,,,,
"May 01, 2020"," ₹ 2,830.71 ","May 01, 2020"," ₹ 2,869.09 "," ₹ 2,869.09 "," ₹ 2,821.61 "," ₹ 2,830.71 ",-,-2.81%,3%,47.48,1.70%,,,,,,,,,,,,,,,,,
"Apr 30, 2020"," ₹ 2,912.43 ","Apr 30, 2020"," ₹ 2,930.91 "," ₹ 2,930.91 "," ₹ 2,892.47 "," ₹ 2,912.43 ",-,-0.92%,1%,38.44,1.30%,,,,,,,,,,,,,,,,,
"Apr 29, 2020"," ₹ 2,939.51 ","Apr 29, 2020"," ₹ 2,918.46 "," ₹ 2,954.86 "," ₹ 2,912.16 "," ₹ 2,939.51 ",-,2.66%,3%,42.7,1.50%,,,,,,,,,,,,,,,,,
"Apr 28, 2020"," ₹ 2,863.39 ","Apr 28, 2020"," ₹ 2,909.96 "," ₹ 2,921.15 "," ₹ 2,860.71 "," ₹ 2,863.39 ",-,-0.52%,1%,60.44,2.10%,,,,,,,,,,,,,,,,,
"Apr 27, 2020"," ₹ 2,878.48 ","Apr 27, 2020"," ₹ 2,854.65 "," ₹ 2,887.72 "," ₹ 2,852.89 "," ₹ 2,878.48 ",-,1.47%,1%,34.83,1.20%,,,,,,,,,,,,,,,,,
"Apr 24, 2020"," ₹ 2,836.74 ","Apr 24, 2020"," ₹ 2,812.64 "," ₹ 2,842.71 "," ₹ 2,791.76 "," ₹ 2,836.74 ",-,1.39%,1%,50.95,1.80%,,,,,,,,,,,,,,,,,
"Apr 23, 2020"," ₹ 2,797.80 ","Apr 23, 2020"," ₹ 2,810.42 "," ₹ 2,844.90 "," ₹ 2,794.26 "," ₹ 2,797.80 ",-,-0.05%,0%,50.64,1.80%,,,,,,,,,,,,,,,,,
"Apr 22, 2020"," ₹ 2,799.31 ","Apr 22, 2020"," ₹ 2,787.89 "," ₹ 2,815.10 "," ₹ 2,775.95 "," ₹ 2,799.31 ",-,2.29%,2%,39.15,1.40%,,,,,,,,,,,,,,,,,
"Apr 21, 2020"," ₹ 2,736.56 ","Apr 21, 2020"," ₹ 2,784.81 "," ₹ 2,785.54 "," ₹ 2,727.10 "," ₹ 2,736.56 ",-,-3.07%,3%,58.44,2.10%,,,,,,,,,,,,,,,,,
"Apr 20, 2020"," ₹ 2,823.16 ","Apr 20, 2020"," ₹ 2,845.62 "," ₹ 2,868.98 "," ₹ 2,820.43 "," ₹ 2,823.16 ",-,-1.79%,2%,48.55,1.70%,,,,,,,,,,,,,,,,,
"Apr 17, 2020"," ₹ 2,874.56 ","Apr 17, 2020"," ₹ 2,842.43 "," ₹ 2,879.22 "," ₹ 2,830.88 "," ₹ 2,874.56 ",-,2.68%,3%,48.34,1.70%,,,,,,,,,,,,,,,,,
"Apr 16, 2020"," ₹ 2,799.55 ","Apr 16, 2020"," ₹ 2,799.34 "," ₹ 2,806.51 "," ₹ 2,764.32 "," ₹ 2,799.55 ",-,0.58%,1%,42.19,1.50%,,,,,,,,,,,,,,,,,
"Apr 15, 2020"," ₹ 2,783.36 ","Apr 15, 2020"," ₹ 2,795.64 "," ₹ 2,801.88 "," ₹ 2,761.54 "," ₹ 2,783.36 ",-,-2.20%,2%,40.34,1.40%,,,,,,,,,,,,,,,,,
"Apr 14, 2020"," ₹ 2,846.06 ","Apr 14, 2020"," ₹ 2,805.10 "," ₹ 2,851.85 "," ₹ 2,805.10 "," ₹ 2,846.06 ",-,3.06%,3%,46.75,1.70%,,,,,,,,,,,,,,,,,
"Apr 13, 2020"," ₹ 2,761.63 ","Apr 13, 2020"," ₹ 2,782.46 "," ₹ 2,782.46 "," ₹ 2,721.17 "," ₹ 2,761.63 ",-,-1.01%,1%,61.29,2.20%,,,,,,,,,,,,,,,,,
"Apr 09, 2020"," ₹ 2,789.82 ","Apr 09, 2020"," ₹ 2,776.99 "," ₹ 2,818.57 "," ₹ 2,762.36 "," ₹ 2,789.82 ",-,1.45%,1%,56.21,2.00%,,,,,,,,,,,,,,,,,
"Apr 08, 2020"," ₹ 2,749.98 ","Apr 08, 2020"," ₹ 2,685.00 "," ₹ 2,760.75 "," ₹ 2,663.30 "," ₹ 2,749.98 ",-,3.41%,3%,97.45,3.60%,,,,,,,,,,,,,,,,,
"Apr 07, 2020"," ₹ 2,659.41 ","Apr 07, 2020"," ₹ 2,738.65 "," ₹ 2,756.89 "," ₹ 2,657.67 "," ₹ 2,659.41 ",-,-0.16%,0%,99.22,3.60%,,,,,,,,,,,,,,,,,
"Apr 06, 2020"," ₹ 2,663.68 ","Apr 06, 2020"," ₹ 2,578.28 "," ₹ 2,676.85 "," ₹ 2,574.57 "," ₹ 2,663.68 ",-,7.03%,7%,102.28,4.00%,,,,,,,,,,,,,,,,,
"Apr 03, 2020"," ₹ 2,488.65 ","Apr 03, 2020"," ₹ 2,514.92 "," ₹ 2,538.18 "," ₹ 2,459.96 "," ₹ 2,488.65 ",-,-1.51%,2%,78.22,3.10%,,,,,,,,,,,,,,,,,
"Apr 02, 2020"," ₹ 2,526.90 ","Apr 02, 2020"," ₹ 2,458.54 "," ₹ 2,533.22 "," ₹ 2,455.79 "," ₹ 2,526.90 ",-,2.28%,2%,77.43,3.10%,,,,,,,,,,,,,,,,,
"Apr 01, 2020"," ₹ 2,470.50 ","Apr 01, 2020"," ₹ 2,498.08 "," ₹ 2,522.75 "," ₹ 2,447.49 "," ₹ 2,470.50 ",-,-4.41%,4%,75.26,3.00%,,,,,,,,,,,,,,,,,
"Mar 31, 2020"," ₹ 2,584.59 ","Mar 31, 2020"," ₹ 2,614.69 "," ₹ 2,641.39 "," ₹ 2,571.15 "," ₹ 2,584.59 ",-,-1.60%,2%,70.24,2.70%,,,,,,,,,,,,,,,,,
"Mar 30, 2020"," ₹ 2,626.65 ","Mar 30, 2020"," ₹ 2,558.98 "," ₹ 2,631.80 "," ₹ 2,545.28 "," ₹ 2,626.65 ",-,3.35%,3%,86.52,3.40%,,,,,,,,,,,,,,,,,
"Mar 27, 2020"," ₹ 2,541.47 ","Mar 27, 2020"," ₹ 2,555.87 "," ₹ 2,615.91 "," ₹ 2,520.02 "," ₹ 2,541.47 ",-,-3.37%,3%,95.89,3.80%,,,,,,,,,,,,,,,,,
"Mar 26, 2020"," ₹ 2,630.07 ","Mar 26, 2020"," ₹ 2,501.29 "," ₹ 2,637.01 "," ₹ 2,500.72 "," ₹ 2,630.07 ",-,6.24%,6%,136.29,5.40%,,,,,,,,,,,,,,,,,
"Mar 25, 2020"," ₹ 2,475.56 ","Mar 25, 2020"," ₹ 2,457.77 "," ₹ 2,571.42 "," ₹ 2,407.53 "," ₹ 2,475.56 ",-,1.15%,1%,163.89,6.70%,,,,,,,,,,,,,,,,,
"Mar 24, 2020"," ₹ 2,447.33 ","Mar 24, 2020"," ₹ 2,344.44 "," ₹ 2,449.71 "," ₹ 2,344.44 "," ₹ 2,447.33 ",-,9.38%,9%,105.27,4.50%,,,,,,,,,,,,,,,,,
"Mar 23, 2020"," ₹ 2,237.40 ","Mar 23, 2020"," ₹ 2,290.71 "," ₹ 2,300.73 "," ₹ 2,191.86 "," ₹ 2,237.40 ",-,-2.93%,3%,108.87,4.80%,,,,,,,,,,,,,,,,,
"Mar 20, 2020"," ₹ 2,304.92 ","Mar 20, 2020"," ₹ 2,431.94 "," ₹ 2,453.01 "," ₹ 2,295.56 "," ₹ 2,304.92 ",-,-4.34%,4%,157.45,6.50%,,,,,,,,,,,,,,,,,
"Mar 19, 2020"," ₹ 2,409.39 ","Mar 19, 2020"," ₹ 2,393.48 "," ₹ 2,466.97 "," ₹ 2,319.78 "," ₹ 2,409.39 ",-,0.47%,0%,147.19,6.10%,,,,,,,,,,,,,,,,,
"Mar 18, 2020"," ₹ 2,398.10 ","Mar 18, 2020"," ₹ 2,436.50 "," ₹ 2,453.57 "," ₹ 2,280.52 "," ₹ 2,398.10 ",-,-5.18%,5%,173.05,7.10%,,,,,,,,,,,,,,,,,
"Mar 17, 2020"," ₹ 2,529.19 ","Mar 17, 2020"," ₹ 2,425.66 "," ₹ 2,553.93 "," ₹ 2,367.04 "," ₹ 2,529.19 ",-,6.00%,6%,186.89,7.70%,,,,,,,,,,,,,,,,,
"Mar 16, 2020"," ₹ 2,386.13 ","Mar 16, 2020"," ₹ 2,508.59 "," ₹ 2,562.98 "," ₹ 2,380.94 "," ₹ 2,386.13 ",-,-11.98%,12%,182.04,7.30%,,,,,,,,,,,,,,,,,
"Mar 13, 2020"," ₹ 2,711.02 ","Mar 13, 2020"," ₹ 2,569.99 "," ₹ 2,711.33 "," ₹ 2,492.37 "," ₹ 2,711.02 ",-,9.29%,9%,218.96,8.50%,,,,,,,,,,,,,,,,,
"Mar 12, 2020"," ₹ 2,480.64 ","Mar 12, 2020"," ₹ 2,630.86 "," ₹ 2,660.95 "," ₹ 2,478.86 "," ₹ 2,480.64 ",-,-9.51%,10%,182.09,6.90%,,,,,,,,,,,,,,,,,
"Mar 11, 2020"," ₹ 2,741.38 ","Mar 11, 2020"," ₹ 2,825.60 "," ₹ 2,825.60 "," ₹ 2,707.22 "," ₹ 2,741.38 ",-,-4.89%,5%,118.38,4.20%,,,,,,,,,,,,,,,,,
"Mar 10, 2020"," ₹ 2,882.23 ","Mar 10, 2020"," ₹ 2,813.48 "," ₹ 2,882.59 "," ₹ 2,734.00 "," ₹ 2,882.23 ",-,4.94%,5%,148.59,5.30%,,,,,,,,,,,,,,,,,
"Mar 09, 2020"," ₹ 2,746.56 ","Mar 09, 2020"," ₹ 2,863.89 "," ₹ 2,863.89 "," ₹ 2,734.43 "," ₹ 2,746.56 ",-,-7.60%,8%,129.46,4.50%,,,,,,,,,,,,,,,,,
"Mar 06, 2020"," ₹ 2,972.37 ","Mar 06, 2020"," ₹ 2,954.20 "," ₹ 2,985.93 "," ₹ 2,901.54 "," ₹ 2,972.37 ",-,-1.71%,2%,84.39,2.90%,,,,,,,,,,,,,,,,,
"Mar 05, 2020"," ₹ 3,023.94 ","Mar 05, 2020"," ₹ 3,075.70 "," ₹ 3,083.04 "," ₹ 2,999.83 "," ₹ 3,023.94 ",-,-3.39%,3%,83.21,2.70%,,,,,,,,,,,,,,,,,
"Mar 04, 2020"," ₹ 3,130.12 ","Mar 04, 2020"," ₹ 3,045.75 "," ₹ 3,130.97 "," ₹ 3,034.38 "," ₹ 3,130.12 ",-,4.22%,4%,96.59,3.20%,,,,,,,,,,,,,,,,,
"Mar 03, 2020"," ₹ 3,003.37 ","Mar 03, 2020"," ₹ 3,096.46 "," ₹ 3,136.72 "," ₹ 2,976.63 "," ₹ 3,003.37 ",-,-2.81%,3%,160.09,5.20%,,,,,,,,,,,,,,,,,
"Mar 02, 2020"," ₹ 3,090.23 ","Mar 02, 2020"," ₹ 2,974.28 "," ₹ 3,090.96 "," ₹ 2,945.19 "," ₹ 3,090.23 ",-,4.60%,5%,145.77,4.90%,,,,,,,,,,,,,,,,,
"Feb 28, 2020"," ₹ 2,954.22 ","Feb 28, 2020"," ₹ 2,916.90 "," ₹ 2,959.72 "," ₹ 2,855.84 "," ₹ 2,954.22 ",-,-0.82%,1%,103.88,3.60%,,,,,,,,,,,,,,,,,
"Feb 27, 2020"," ₹ 2,978.76 ","Feb 27, 2020"," ₹ 3,062.54 "," ₹ 3,097.07 "," ₹ 2,977.39 "," ₹ 2,978.76 ",-,-4.42%,4%,119.68,3.90%,,,,,,,,,,,,,,,,,
"Feb 26, 2020"," ₹ 3,116.39 ","Feb 26, 2020"," ₹ 3,139.90 "," ₹ 3,182.51 "," ₹ 3,108.99 "," ₹ 3,116.39 ",-,-0.38%,0%,73.52,2.30%,,,,,,,,,,,,,,,,,
"Feb 25, 2020"," ₹ 3,128.21 ","Feb 25, 2020"," ₹ 3,238.94 "," ₹ 3,246.99 "," ₹ 3,118.77 "," ₹ 3,128.21 ",-,-3.03%,3%,128.22,4.00%,,,,,,,,,,,,,,,,,
"Feb 24, 2020"," ₹ 3,225.89 ","Feb 24, 2020"," ₹ 3,257.61 "," ₹ 3,259.81 "," ₹ 3,214.65 "," ₹ 3,225.89 ",-,-3.35%,3%,45.16,1.40%,,,,,,,,,,,,,,,,,
"Feb 21, 2020"," ₹ 3,337.75 ","Feb 21, 2020"," ₹ 3,360.50 "," ₹ 3,360.76 "," ₹ 3,328.45 "," ₹ 3,337.75 ",-,-1.05%,1%,32.31,1.00%,,,,,,,,,,,,,,,,,
"Feb 20, 2020"," ₹ 3,373.23 ","Feb 20, 2020"," ₹ 3,380.45 "," ₹ 3,389.15 "," ₹ 3,341.02 "," ₹ 3,373.23 ",-,-0.38%,0%,48.13,1.40%,,,,,,,,,,,,,,,,,
"Feb 19, 2020"," ₹ 3,386.15 ","Feb 19, 2020"," ₹ 3,380.39 "," ₹ 3,393.52 "," ₹ 3,378.83 "," ₹ 3,386.15 ",-,0.47%,0%,14.69,0.40%,,,,,,,,,,,,,,,,,
"Feb 18, 2020"," ₹ 3,370.29 ","Feb 18, 2020"," ₹ 3,369.04 "," ₹ 3,375.01 "," ₹ 3,355.61 "," ₹ 3,370.29 ",-,-0.29%,0%,19.4,0.60%,,,,,,,,,,,,,,,,,
"Feb 14, 2020"," ₹ 3,380.16 ","Feb 14, 2020"," ₹ 3,378.08 "," ₹ 3,380.69 "," ₹ 3,366.15 "," ₹ 3,380.16 ",-,0.18%,0%,14.54,0.40%,,,,,,,,,,,,,,,,,
"Feb 13, 2020"," ₹ 3,373.94 ","Feb 13, 2020"," ₹ 3,365.90 "," ₹ 3,385.09 "," ₹ 3,360.52 "," ₹ 3,373.94 ",-,-0.16%,0%,24.57,0.70%,,,,,,,,,,,,,,,,,
"Feb 12, 2020"," ₹ 3,379.45 ","Feb 12, 2020"," ₹ 3,370.50 "," ₹ 3,381.47 "," ₹ 3,369.72 "," ₹ 3,379.45 ",-,0.65%,1%,11.75,0.30%,,,,,,,,,,,,,,,,,
"Feb 11, 2020"," ₹ 3,357.75 ","Feb 11, 2020"," ₹ 3,365.87 "," ₹ 3,375.63 "," ₹ 3,352.72 "," ₹ 3,357.75 ",-,0.17%,0%,22.91,0.70%,,,,,,,,,,,,,,,,,
"Feb 10, 2020"," ₹ 3,352.09 ","Feb 10, 2020"," ₹ 3,318.28 "," ₹ 3,352.26 "," ₹ 3,317.77 "," ₹ 3,352.09 ",-,0.73%,1%,34.49,1.00%,,,,,,,,,,,,,,,,,
"Feb 07, 2020"," ₹ 3,327.71 ","Feb 07, 2020"," ₹ 3,335.54 "," ₹ 3,341.42 "," ₹ 3,322.12 "," ₹ 3,327.71 ",-,-0.54%,1%,19.3,0.60%,,,,,,,,,,,,,,,,,
"Feb 06, 2020"," ₹ 3,345.78 ","Feb 06, 2020"," ₹ 3,344.92 "," ₹ 3,347.96 "," ₹ 3,334.39 "," ₹ 3,345.78 ",-,0.33%,0%,13.57,0.40%,,,,,,,,,,,,,,,,,
"Feb 05, 2020"," ₹ 3,334.69 ","Feb 05, 2020"," ₹ 3,324.91 "," ₹ 3,337.58 "," ₹ 3,313.75 "," ₹ 3,334.69 ",-,1.13%,1%,23.83,0.70%,,,,,,,,,,,,,,,,,
"Feb 04, 2020"," ₹ 3,297.59 ","Feb 04, 2020"," ₹ 3,280.61 "," ₹ 3,306.92 "," ₹ 3,280.61 "," ₹ 3,297.59 ",-,1.50%,2%,26.31,0.80%,,,,,,,,,,,,,,,,,
"Feb 03, 2020"," ₹ 3,248.92 ","Feb 03, 2020"," ₹ 3,235.66 "," ₹ 3,268.44 "," ₹ 3,235.66 "," ₹ 3,248.92 ",-,0.73%,1%,32.78,1.00%,,,,,,,,,,,,,,,,,
"Jan 31, 2020"," ₹ 3,225.52 ","Jan 31, 2020"," ₹ 3,282.33 "," ₹ 3,282.33 "," ₹ 3,214.68 "," ₹ 3,225.52 ",-,-1.77%,2%,67.65,2.10%,,,,,,,,,,,,,,,,,
"Jan 30, 2020"," ₹ 3,283.66 ","Jan 30, 2020"," ₹ 3,256.45 "," ₹ 3,285.91 "," ₹ 3,242.80 "," ₹ 3,283.66 ",-,0.31%,0%,43.11,1.30%,,,,,,,,,,,,,,,,,
"Jan 29, 2020"," ₹ 3,273.40 ","Jan 29, 2020"," ₹ 3,289.46 "," ₹ 3,293.47 "," ₹ 3,271.89 "," ₹ 3,273.40 ",-,-0.09%,0%,21.58,0.70%,,,,,,,,,,,,,,,,,
"Jan 28, 2020"," ₹ 3,276.24 ","Jan 28, 2020"," ₹ 3,255.35 "," ₹ 3,285.78 "," ₹ 3,253.22 "," ₹ 3,276.24 ",-,1.01%,1%,32.56,1.00%,,,,,,,,,,,,,,,,,
"Jan 27, 2020"," ₹ 3,243.63 ","Jan 27, 2020"," ₹ 3,247.16 "," ₹ 3,258.85 "," ₹ 3,234.50 "," ₹ 3,243.63 ",-,-1.57%,2%,24.35,0.70%,,,,,,,,,,,,,,,,,
"Jan 24, 2020"," ₹ 3,295.47 ","Jan 24, 2020"," ₹ 3,333.10 "," ₹ 3,333.18 "," ₹ 3,281.53 "," ₹ 3,295.47 ",-,-0.90%,1%,51.65,1.50%,,,,,,,,,,,,,,,,,
"Jan 23, 2020"," ₹ 3,325.54 ","Jan 23, 2020"," ₹ 3,315.77 "," ₹ 3,326.88 "," ₹ 3,301.87 "," ₹ 3,325.54 ",-,0.11%,0%,25.01,0.80%,,,,,,,,,,,,,,,,,
"Jan 22, 2020"," ₹ 3,321.75 ","Jan 22, 2020"," ₹ 3,330.02 "," ₹ 3,337.77 "," ₹ 3,320.04 "," ₹ 3,321.75 ",-,0.03%,0%,17.73,0.50%,,,,,,,,,,,,,,,,,
"Jan 21, 2020"," ₹ 3,320.79 ","Jan 21, 2020"," ₹ 3,321.03 "," ₹ 3,329.79 "," ₹ 3,316.61 "," ₹ 3,320.79 ",-,-0.27%,0%,13.18,0.40%,,,,,,,,,,,,,,,,,
"Jan 17, 2020"," ₹ 3,329.62 ","Jan 17, 2020"," ₹ 3,323.66 "," ₹ 3,329.88 "," ₹ 3,318.86 "," ₹ 3,329.62 ",-,0.39%,0%,11.02,0.30%,,,,,,,,,,,,,,,,,
"Jan 16, 2020"," ₹ 3,316.81 ","Jan 16, 2020"," ₹ 3,302.97 "," ₹ 3,317.11 "," ₹ 3,302.82 "," ₹ 3,316.81 ",-,0.84%,1%,14.29,0.40%,,,,,,,,,,,,,,,,,
"Jan 15, 2020"," ₹ 3,289.29 ","Jan 15, 2020"," ₹ 3,282.27 "," ₹ 3,298.66 "," ₹ 3,280.69 "," ₹ 3,289.29 ",-,0.19%,0%,17.97,0.50%,,,,,,,,,,,,,,,,,
"Jan 14, 2020"," ₹ 3,283.15 ","Jan 14, 2020"," ₹ 3,285.35 "," ₹ 3,294.25 "," ₹ 3,277.19 "," ₹ 3,283.15 ",-,-0.15%,0%,17.06,0.50%,,,,,,,,,,,,,,,,,
"Jan 13, 2020"," ₹ 3,288.13 ","Jan 13, 2020"," ₹ 3,271.13 "," ₹ 3,288.13 "," ₹ 3,268.43 "," ₹ 3,288.13 ",-,0.70%,1%,19.7,0.60%,,,,,,,,,,,,,,,,,
"Jan 10, 2020"," ₹ 3,265.35 ","Jan 10, 2020"," ₹ 3,281.81 "," ₹ 3,282.99 "," ₹ 3,260.86 "," ₹ 3,265.35 ",-,-0.29%,0%,22.13,0.70%,,,,,,,,,,,,,,,,,
"Jan 09, 2020"," ₹ 3,274.70 ","Jan 09, 2020"," ₹ 3,266.03 "," ₹ 3,275.58 "," ₹ 3,263.67 "," ₹ 3,274.70 ",-,0.67%,1%,11.91,0.40%,,,,,,,,,,,,,,,,,
"Jan 08, 2020"," ₹ 3,253.05 ","Jan 08, 2020"," ₹ 3,238.59 "," ₹ 3,267.07 "," ₹ 3,236.67 "," ₹ 3,253.05 ",-,0.49%,0%,30.4,0.90%,,,,,,,,,,,,,,,,,
"Jan 07, 2020"," ₹ 3,237.18 ","Jan 07, 2020"," ₹ 3,241.86 "," ₹ 3,244.91 "," ₹ 3,232.43 "," ₹ 3,237.18 ",-,-0.28%,0%,12.48,0.40%,,,,,,,,,,,,,,,,,
"Jan 06, 2020"," ₹ 3,246.28 ","Jan 06, 2020"," ₹ 3,217.55 "," ₹ 3,246.84 "," ₹ 3,214.64 "," ₹ 3,246.28 ",-,0.35%,0%,32.2,1.00%,,,,,,,,,,,,,,,,,
"Jan 03, 2020"," ₹ 3,234.85 ","Jan 03, 2020"," ₹ 3,226.36 "," ₹ 3,246.15 "," ₹ 3,222.34 "," ₹ 3,234.85 ",-,-0.71%,1%,23.81,0.70%,,,,,,,,,,,,,,,,,
"Jan 02, 2020"," ₹ 3,257.85 ","Jan 02, 2020"," ₹ 3,244.67 "," ₹ 3,258.14 "," ₹ 3,235.53 "," ₹ 3,257.85 ",-,0.84%,1%,22.61,0.70%,,,,,,,,,,,,,,,,,
"Dec 31, 2019"," ₹ 3,230.78 ","Dec 31, 2019"," ₹ 3,215.18 "," ₹ 3,231.72 "," ₹ 3,212.03 "," ₹ 3,230.78 ",-,0.29%,0%,19.69,0.60%,,,,,,,,,,,,,,,,,
"Dec 30, 2019"," ₹ 3,221.29 ","Dec 30, 2019"," ₹ 3,240.09 "," ₹ 3,240.92 "," ₹ 3,216.57 "," ₹ 3,221.29 ",-,-0.58%,1%,24.35,0.80%,,,,,,,,,,,,,,,,,
"Dec 27, 2019"," ₹ 3,240.02 ","Dec 27, 2019"," ₹ 3,247.23 "," ₹ 3,247.93 "," ₹ 3,234.37 "," ₹ 3,240.02 ",-,0.00%,0%,13.56,0.40%,,,,,,,,,,,,,,,,,
"Dec 26, 2019"," ₹ 3,239.91 ","Dec 26, 2019"," ₹ 3,227.20 "," ₹ 3,240.08 "," ₹ 3,227.20 "," ₹ 3,239.91 ",-,0.51%,1%,12.88,0.40%,,,,,,,,,,,,,,,,,
"Dec 24, 2019"," ₹ 3,223.38 ","Dec 24, 2019"," ₹ 3,225.45 "," ₹ 3,226.43 "," ₹ 3,220.51 "," ₹ 3,223.38 ",-,-0.02%,0%,5.92,0.20%,,,,,,,,,,,,,,,,,
"Dec 23, 2019"," ₹ 3,224.01 ","Dec 23, 2019"," ₹ 3,226.05 "," ₹ 3,227.78 "," ₹ 3,222.30 "," ₹ 3,224.01 ",-,0.09%,0%,5.48,0.20%,,,,,,,,,,,,,,,,,
"Dec 20, 2019"," ₹ 3,221.22 ","Dec 20, 2019"," ₹ 3,223.33 "," ₹ 3,225.65 "," ₹ 3,216.03 "," ₹ 3,221.22 ",-,0.49%,0%,9.62,0.30%,,,,,,,,,,,,,,,,,
"Dec 19, 2019"," ₹ 3,205.37 ","Dec 19, 2019"," ₹ 3,192.32 "," ₹ 3,205.48 "," ₹ 3,192.32 "," ₹ 3,205.37 ",-,0.45%,0%,13.16,0.40%,,,,,,,,,,,,,,,,,
"Dec 18, 2019"," ₹ 3,191.14 ","Dec 18, 2019"," ₹ 3,195.21 "," ₹ 3,198.48 "," ₹ 3,191.14 "," ₹ 3,191.14 ",-,-0.04%,0%,7.34,0.20%,,,,,,,,,,,,,,,,,
"Dec 17, 2019"," ₹ 3,192.52 ","Dec 17, 2019"," ₹ 3,195.40 "," ₹ 3,198.22 "," ₹ 3,191.03 "," ₹ 3,192.52 ",-,0.03%,0%,7.19,0.20%,,,,,,,,,,,,,,,,,
"Dec 16, 2019"," ₹ 3,191.45 ","Dec 16, 2019"," ₹ 3,183.63 "," ₹ 3,197.71 "," ₹ 3,183.63 "," ₹ 3,191.45 ",-,0.71%,1%,14.08,0.40%,,,,,,,,,,,,,,,,,
"Dec 13, 2019"," ₹ 3,168.80 ","Dec 13, 2019"," ₹ 3,166.65 "," ₹ 3,182.68 "," ₹ 3,156.51 "," ₹ 3,168.80 ",-,0.01%,0%,26.17,0.80%,,,,,,,,,,,,,,,,,
"Dec 12, 2019"," ₹ 3,168.57 ","Dec 12, 2019"," ₹ 3,141.23 "," ₹ 3,176.28 "," ₹ 3,138.47 "," ₹ 3,168.57 ",-,0.86%,1%,37.81,1.20%,,,,,,,,,,,,,,,,,
"Dec 11, 2019"," ₹ 3,141.63 ","Dec 11, 2019"," ₹ 3,135.75 "," ₹ 3,143.98 "," ₹ 3,133.21 "," ₹ 3,141.63 ",-,0.29%,0%,10.77,0.30%,,,,,,,,,,,,,,,,,
"Dec 10, 2019"," ₹ 3,132.52 ","Dec 10, 2019"," ₹ 3,135.36 "," ₹ 3,142.12 "," ₹ 3,126.09 "," ₹ 3,132.52 ",-,-0.11%,0%,16.03,0.50%,,,,,,,,,,,,,,,,,
"Dec 09, 2019"," ₹ 3,135.96 ","Dec 09, 2019"," ₹ 3,141.86 "," ₹ 3,148.87 "," ₹ 3,135.46 "," ₹ 3,135.96 ",-,-0.32%,0%,13.41,0.40%,,,,,,,,,,,,,,,,,
"Dec 06, 2019"," ₹ 3,145.91 ","Dec 06, 2019"," ₹ 3,134.62 "," ₹ 3,150.60 "," ₹ 3,134.62 "," ₹ 3,145.91 ",-,0.91%,1%,15.98,0.50%,,,,,,,,,,,,,,,,,
"Dec 05, 2019"," ₹ 3,117.43 ","Dec 05, 2019"," ₹ 3,119.21 "," ₹ 3,119.45 "," ₹ 3,103.76 "," ₹ 3,117.43 ",-,0.15%,0%,15.69,0.50%,,,,,,,,,,,,,,,,,
"Dec 04, 2019"," ₹ 3,112.76 ","Dec 04, 2019"," ₹ 3,103.50 "," ₹ 3,119.38 "," ₹ 3,102.53 "," ₹ 3,112.76 ",-,0.63%,1%,16.85,0.50%,,,,,,,,,,,,,,,,,
"Dec 03, 2019"," ₹ 3,093.20 ","Dec 03, 2019"," ₹ 3,087.41 "," ₹ 3,094.97 "," ₹ 3,070.33 "," ₹ 3,093.20 ",-,-0.66%,1%,24.64,0.80%,,,,,,,,,,,,,,,,,
"Dec 02, 2019"," ₹ 3,113.87 ","Dec 02, 2019"," ₹ 3,143.85 "," ₹ 3,144.31 "," ₹ 3,110.78 "," ₹ 3,113.87 ",-,-0.86%,1%,33.53,1.10%,,,,,,,,,,,,,,,,,
"Nov 29, 2019"," ₹ 3,140.98 ","Nov 29, 2019"," ₹ 3,147.18 "," ₹ 3,150.30 "," ₹ 3,139.34 "," ₹ 3,140.98 ",-,-0.40%,0%,10.96,0.30%,,,,,,,,,,,,,,,,,
"Nov 27, 2019"," ₹ 3,153.63 ","Nov 27, 2019"," ₹ 3,145.49 "," ₹ 3,154.26 "," ₹ 3,143.41 "," ₹ 3,153.63 ",-,0.42%,0%,10.85,0.30%,,,,,,,,,,,,,,,,,
"Nov 26, 2019"," ₹ 3,140.52 ","Nov 26, 2019"," ₹ 3,134.85 "," ₹ 3,142.69 "," ₹ 3,131.00 "," ₹ 3,140.52 ",-,0.22%,0%,11.69,0.40%,,,,,,,,,,,,,,,,,
"Nov 25, 2019"," ₹ 3,133.64 ","Nov 25, 2019"," ₹ 3,117.44 "," ₹ 3,133.83 "," ₹ 3,117.44 "," ₹ 3,133.64 ",-,0.75%,1%,16.39,0.50%,,,,,,,,,,,,,,,,,
"Nov 22, 2019"," ₹ 3,110.29 ","Nov 22, 2019"," ₹ 3,111.41 "," ₹ 3,112.87 "," ₹ 3,099.26 "," ₹ 3,110.29 ",-,0.22%,0%,13.61,0.40%,,,,,,,,,,,,,,,,,
"Nov 21, 2019"," ₹ 3,103.54 ","Nov 21, 2019"," ₹ 3,108.49 "," ₹ 3,110.11 "," ₹ 3,094.55 "," ₹ 3,103.54 ",-,-0.16%,0%,15.56,0.50%,,,,,,,,,,,,,,,,,
"Nov 20, 2019"," ₹ 3,108.46 ","Nov 20, 2019"," ₹ 3,114.66 "," ₹ 3,118.97 "," ₹ 3,091.41 "," ₹ 3,108.46 ",-,-0.38%,0%,27.56,0.90%,,,,,,,,,,,,,,,,,
"Nov 19, 2019"," ₹ 3,120.18 ","Nov 19, 2019"," ₹ 3,127.45 "," ₹ 3,127.64 "," ₹ 3,113.47 "," ₹ 3,120.18 ",-,-0.06%,0%,14.17,0.50%,,,,,,,,,,,,,,,,,
"Nov 18, 2019"," ₹ 3,122.03 ","Nov 18, 2019"," ₹ 3,117.91 "," ₹ 3,124.17 "," ₹ 3,112.06 "," ₹ 3,122.03 ",-,0.05%,0%,12.11,0.40%,,,,,,,,,,,,,,,,,
"Nov 15, 2019"," ₹ 3,120.46 ","Nov 15, 2019"," ₹ 3,107.92 "," ₹ 3,120.46 "," ₹ 3,104.60 "," ₹ 3,120.46 ",-,0.77%,1%,15.86,0.50%,,,,,,,,,,,,,,,,,
"Nov 14, 2019"," ₹ 3,096.63 ","Nov 14, 2019"," ₹ 3,090.75 "," ₹ 3,098.20 "," ₹ 3,083.26 "," ₹ 3,096.63 ",-,0.08%,0%,14.94,0.50%,,,,,,,,,,,,,,,,,
"Nov 13, 2019"," ₹ 3,094.04 ","Nov 13, 2019"," ₹ 3,084.18 "," ₹ 3,098.06 "," ₹ 3,078.80 "," ₹ 3,094.04 ",-,0.07%,0%,19.26,0.60%,,,,,,,,,,,,,,,,,
"Nov 12, 2019"," ₹ 3,091.84 ","Nov 12, 2019"," ₹ 3,089.28 "," ₹ 3,102.61 "," ₹ 3,084.73 "," ₹ 3,091.84 ",-,0.16%,0%,17.88,0.60%,,,,,,,,,,,,,,,,,
"Nov 11, 2019"," ₹ 3,087.01 ","Nov 11, 2019"," ₹ 3,080.33 "," ₹ 3,088.33 "," ₹ 3,075.82 "," ₹ 3,087.01 ",-,-0.20%,0%,12.51,0.40%,,,,,,,,,,,,,,,,,
"Nov 08, 2019"," ₹ 3,093.08 ","Nov 08, 2019"," ₹ 3,081.25 "," ₹ 3,093.09 "," ₹ 3,073.58 "," ₹ 3,093.08 ",-,0.26%,0%,19.51,0.60%,,,,,,,,,,,,,,,,,
"Nov 07, 2019"," ₹ 3,085.18 ","Nov 07, 2019"," ₹ 3,087.02 "," ₹ 3,097.77 "," ₹ 3,080.23 "," ₹ 3,085.18 ",-,0.27%,0%,17.54,0.60%,,,,,,,,,,,,,,,,,
"Nov 06, 2019"," ₹ 3,076.78 ","Nov 06, 2019"," ₹ 3,075.10 "," ₹ 3,078.34 "," ₹ 3,065.89 "," ₹ 3,076.78 ",-,0.07%,0%,12.45,0.40%,,,,,,,,,,,,,,,,,
"Nov 05, 2019"," ₹ 3,074.62 ","Nov 05, 2019"," ₹ 3,080.80 "," ₹ 3,083.95 "," ₹ 3,072.15 "," ₹ 3,074.62 ",-,-0.12%,0%,11.8,0.40%,,,,,,,,,,,,,,,,,
"Nov 04, 2019"," ₹ 3,078.27 ","Nov 04, 2019"," ₹ 3,078.96 "," ₹ 3,085.20 "," ₹ 3,074.87 "," ₹ 3,078.27 ",-,0.37%,0%,10.33,0.30%,,,,,,,,,,,,,,,,,
"Nov 01, 2019"," ₹ 3,066.91 ","Nov 01, 2019"," ₹ 3,050.72 "," ₹ 3,066.95 "," ₹ 3,050.72 "," ₹ 3,066.91 ",-,0.97%,1%,16.23,0.50%,,,,,,,,,,,,,,,,,
"Oct 31, 2019"," ₹ 3,037.56 ","Oct 31, 2019"," ₹ 3,046.90 "," ₹ 3,046.90 "," ₹ 3,023.19 "," ₹ 3,037.56 ",-,-0.30%,0%,23.71,0.80%,,,,,,,,,,,,,,,,,
"Oct 30, 2019"," ₹ 3,046.77 ","Oct 30, 2019"," ₹ 3,039.74 "," ₹ 3,050.10 "," ₹ 3,025.96 "," ₹ 3,046.77 ",-,0.33%,0%,24.14,0.80%,,,,,,,,,,,,,,,,,
"Oct 29, 2019"," ₹ 3,036.89 ","Oct 29, 2019"," ₹ 3,035.39 "," ₹ 3,047.87 "," ₹ 3,034.81 "," ₹ 3,036.89 ",-,-0.08%,0%,13.06,0.40%,,,,,,,,,,,,,,,,,
"Oct 28, 2019"," ₹ 3,039.42 ","Oct 28, 2019"," ₹ 3,032.12 "," ₹ 3,044.08 "," ₹ 3,032.12 "," ₹ 3,039.42 ",-,0.56%,1%,11.96,0.40%,,,,,,,,,,,,,,,,,
"Oct 25, 2019"," ₹ 3,022.55 ","Oct 25, 2019"," ₹ 3,003.32 "," ₹ 3,027.39 "," ₹ 3,001.94 "," ₹ 3,022.55 ",-,0.41%,0%,25.45,0.80%,,,,,,,,,,,,,,,,,
"Oct 24, 2019"," ₹ 3,010.29 ","Oct 24, 2019"," ₹ 3,014.78 "," ₹ 3,016.07 "," ₹ 3,000.42 "," ₹ 3,010.29 ",-,0.19%,0%,15.65,0.50%,,,,,,,,,,,,,,,,,
"Oct 23, 2019"," ₹ 3,004.52 ","Oct 23, 2019"," ₹ 2,994.01 "," ₹ 3,004.78 "," ₹ 2,991.21 "," ₹ 3,004.52 ",-,0.28%,0%,13.57,0.50%,,,,,,,,,,,,,,,,,
"Oct 22, 2019"," ₹ 2,995.99 ","Oct 22, 2019"," ₹ 3,010.73 "," ₹ 3,014.57 "," ₹ 2,995.04 "," ₹ 2,995.99 ",-,-0.36%,0%,19.53,0.60%,,,,,,,,,,,,,,,,,
"Oct 21, 2019"," ₹ 3,006.72 ","Oct 21, 2019"," ₹ 2,996.48 "," ₹ 3,007.33 "," ₹ 2,995.35 "," ₹ 3,006.72 ",-,0.69%,1%,11.98,0.40%,,,,,,,,,,,,,,,,,
"Oct 18, 2019"," ₹ 2,986.20 ","Oct 18, 2019"," ₹ 2,996.84 "," ₹ 3,000.00 "," ₹ 2,976.31 "," ₹ 2,986.20 ",-,-0.39%,0%,23.69,0.80%,,,,,,,,,,,,,,,,,
"Oct 17, 2019"," ₹ 2,997.95 ","Oct 17, 2019"," ₹ 3,000.77 "," ₹ 3,008.29 "," ₹ 2,991.79 "," ₹ 2,997.95 ",-,0.28%,0%,16.5,0.50%,,,,,,,,,,,,,,,,,
"Oct 16, 2019"," ₹ 2,989.69 ","Oct 16, 2019"," ₹ 2,989.68 "," ₹ 2,997.54 "," ₹ 2,985.20 "," ₹ 2,989.69 ",-,-0.20%,0%,12.34,0.40%,,,,,,,,,,,,,,,,,
"Oct 15, 2019"," ₹ 2,995.68 ","Oct 15, 2019"," ₹ 2,973.61 "," ₹ 3,003.28 "," ₹ 2,973.61 "," ₹ 2,995.68 ",-,1.00%,1%,29.67,1.00%,,,,,,,,,,,,,,,,,
"Oct 14, 2019"," ₹ 2,966.15 ","Oct 14, 2019"," ₹ 2,965.81 "," ₹ 2,972.84 "," ₹ 2,962.94 "," ₹ 2,966.15 ",-,-0.14%,0%,9.9,0.30%,,,,,,,,,,,,,,,,,
"Oct 11, 2019"," ₹ 2,970.27 ","Oct 11, 2019"," ₹ 2,963.07 "," ₹ 2,993.28 "," ₹ 2,963.07 "," ₹ 2,970.27 ",-,1.09%,1%,30.21,1.00%,,,,,,,,,,,,,,,,,
"Oct 10, 2019"," ₹ 2,938.13 ","Oct 10, 2019"," ₹ 2,918.55 "," ₹ 2,948.46 "," ₹ 2,917.12 "," ₹ 2,938.13 ",-,0.64%,1%,31.34,1.10%,,,,,,,,,,,,,,,,,
"Oct 09, 2019"," ₹ 2,919.40 ","Oct 09, 2019"," ₹ 2,911.10 "," ₹ 2,929.32 "," ₹ 2,907.41 "," ₹ 2,919.40 ",-,0.91%,1%,21.91,0.80%,,,,,,,,,,,,,,,,,
"Oct 08, 2019"," ₹ 2,893.06 ","Oct 08, 2019"," ₹ 2,920.40 "," ₹ 2,925.47 "," ₹ 2,892.66 "," ₹ 2,893.06 ",-,-1.56%,2%,32.81,1.10%,,,,,,,,,,,,,,,,,
"Oct 07, 2019"," ₹ 2,938.79 ","Oct 07, 2019"," ₹ 2,944.23 "," ₹ 2,959.75 "," ₹ 2,935.68 "," ₹ 2,938.79 ",-,-0.45%,0%,24.07,0.80%,,,,,,,,,,,,,,,,,
"Oct 04, 2019"," ₹ 2,952.01 ","Oct 04, 2019"," ₹ 2,918.56 "," ₹ 2,953.74 "," ₹ 2,918.56 "," ₹ 2,952.01 ",-,1.42%,1%,35.18,1.20%,,,,,,,,,,,,,,,,,
"Oct 03, 2019"," ₹ 2,910.63 ","Oct 03, 2019"," ₹ 2,885.38 "," ₹ 2,911.13 "," ₹ 2,855.94 "," ₹ 2,910.63 ",-,0.80%,1%,55.19,1.90%,,,,,,,,,,,,,,,,,
"Oct 02, 2019"," ₹ 2,887.61 ","Oct 02, 2019"," ₹ 2,924.78 "," ₹ 2,924.78 "," ₹ 2,874.93 "," ₹ 2,887.61 ",-,-1.79%,2%,49.85,1.70%,,,,,,,,,,,,,,,,,
"Oct 01, 2019"," ₹ 2,940.25 ","Oct 01, 2019"," ₹ 2,983.69 "," ₹ 2,992.53 "," ₹ 2,938.70 "," ₹ 2,940.25 ",-,-1.23%,1%,53.83,1.80%,,,,,,,,,,,,,,,,,
"Sep 30, 2019"," ₹ 2,976.74 ","Sep 30, 2019"," ₹ 2,967.07 "," ₹ 2,983.85 "," ₹ 2,967.07 "," ₹ 2,976.74 ",-,0.50%,1%,16.78,0.60%,,,,,,,,,,,,,,,,,
"Sep 27, 2019"," ₹ 2,961.79 ","Sep 27, 2019"," ₹ 2,985.47 "," ₹ 2,987.31 "," ₹ 2,945.53 "," ₹ 2,961.79 ",-,-0.53%,1%,41.78,1.40%,,,,,,,,,,,,,,,,,
"Sep 26, 2019"," ₹ 2,977.62 ","Sep 26, 2019"," ₹ 2,985.73 "," ₹ 2,987.28 "," ₹ 2,963.71 "," ₹ 2,977.62 ",-,-0.24%,0%,23.57,0.80%,,,,,,,,,,,,,,,,,
"Sep 25, 2019"," ₹ 2,984.87 ","Sep 25, 2019"," ₹ 2,968.35 "," ₹ 2,989.82 "," ₹ 2,952.86 "," ₹ 2,984.87 ",-,0.62%,1%,36.96,1.20%,,,,,,,,,,,,,,,,,
"Sep 24, 2019"," ₹ 2,966.60 ","Sep 24, 2019"," ₹ 3,002.43 "," ₹ 3,007.98 "," ₹ 2,957.73 "," ₹ 2,966.60 ",-,-0.84%,1%,50.25,1.70%,,,,,,,,,,,,,,,,,
"Sep 23, 2019"," ₹ 2,991.78 ","Sep 23, 2019"," ₹ 2,983.50 "," ₹ 2,999.15 "," ₹ 2,982.23 "," ₹ 2,991.78 ",-,-0.01%,0%,16.92,0.60%,,,,,,,,,,,,,,,,,
"Sep 20, 2019"," ₹ 2,992.07 ","Sep 20, 2019"," ₹ 3,008.42 "," ₹ 3,016.37 "," ₹ 2,984.68 "," ₹ 2,992.07 ",-,-0.49%,0%,31.69,1.10%,,,,,,,,,,,,,,,,,
"Sep 19, 2019"," ₹ 3,006.79 ","Sep 19, 2019"," ₹ 3,010.36 "," ₹ 3,021.99 "," ₹ 3,003.16 "," ₹ 3,006.79 ",-,0.00%,0%,18.83,0.60%,,,,,,,,,,,,,,,,,
"Sep 18, 2019"," ₹ 3,006.73 ","Sep 18, 2019"," ₹ 3,001.50 "," ₹ 3,007.83 "," ₹ 2,978.57 "," ₹ 3,006.73 ",-,0.03%,0%,29.26,1.00%,,,,,,,,,,,,,,,,,
"Sep 17, 2019"," ₹ 3,005.70 ","Sep 17, 2019"," ₹ 2,995.67 "," ₹ 3,006.21 "," ₹ 2,993.73 "," ₹ 3,005.70 ",-,0.26%,0%,12.48,0.40%,,,,,,,,,,,,,,,,,
"Sep 16, 2019"," ₹ 2,997.96 ","Sep 16, 2019"," ₹ 2,996.41 "," ₹ 3,002.19 "," ₹ 2,990.67 "," ₹ 2,997.96 ",-,-0.31%,0%,11.52,0.40%,,,,,,,,,,,,,,,,,
"Sep 13, 2019"," ₹ 3,007.39 ","Sep 13, 2019"," ₹ 3,012.21 "," ₹ 3,017.33 "," ₹ 3,002.90 "," ₹ 3,007.39 ",-,-0.07%,0%,14.43,0.50%,,,,,,,,,,,,,,,,,
"Sep 12, 2019"," ₹ 3,009.57 ","Sep 12, 2019"," ₹ 3,009.08 "," ₹ 3,020.74 "," ₹ 3,000.92 "," ₹ 3,009.57 ",-,0.29%,0%,19.82,0.70%,,,,,,,,,,,,,,,,,
"Sep 11, 2019"," ₹ 3,000.93 ","Sep 11, 2019"," ₹ 2,981.41 "," ₹ 3,000.93 "," ₹ 2,975.31 "," ₹ 3,000.93 ",-,0.72%,1%,25.62,0.90%,,,,,,,,,,,,,,,,,
"Sep 10, 2019"," ₹ 2,979.39 ","Sep 10, 2019"," ₹ 2,971.01 "," ₹ 2,979.39 "," ₹ 2,957.01 "," ₹ 2,979.39 ",-,0.03%,0%,22.38,0.80%,,,,,,,,,,,,,,,,,
"Sep 09, 2019"," ₹ 2,978.43 ","Sep 09, 2019"," ₹ 2,988.43 "," ₹ 2,989.43 "," ₹ 2,969.39 "," ₹ 2,978.43 ",-,-0.01%,0%,20.04,0.70%,,,,,,,,,,,,,,,,,
"Sep 06, 2019"," ₹ 2,978.71 ","Sep 06, 2019"," ₹ 2,980.33 "," ₹ 2,985.03 "," ₹ 2,972.51 "," ₹ 2,978.71 ",-,0.09%,0%,12.52,0.40%,,,,,,,,,,,,,,,,,
"Sep 05, 2019"," ₹ 2,976.00 ","Sep 05, 2019"," ₹ 2,960.60 "," ₹ 2,985.86 "," ₹ 2,960.60 "," ₹ 2,976.00 ",-,1.30%,1%,25.26,0.90%,,,,,,,,,,,,,,,,,
"Sep 04, 2019"," ₹ 2,937.78 ","Sep 04, 2019"," ₹ 2,924.67 "," ₹ 2,938.84 "," ₹ 2,921.86 "," ₹ 2,937.78 ",-,1.08%,1%,16.98,0.60%,,,,,,,,,,,,,,,,,
"Sep 03, 2019"," ₹ 2,906.27 ","Sep 03, 2019"," ₹ 2,909.01 "," ₹ 2,914.39 "," ₹ 2,891.85 "," ₹ 2,906.27 ",-,-0.69%,1%,22.54,0.80%,,,,,,,,,,,,,,,,,
"Aug 30, 2019"," ₹ 2,926.46 ","Aug 30, 2019"," ₹ 2,937.09 "," ₹ 2,940.43 "," ₹ 2,913.32 "," ₹ 2,926.46 ",-,0.06%,0%,27.11,0.90%,,,,,,,,,,,,,,,,,
"Aug 29, 2019"," ₹ 2,924.58 ","Aug 29, 2019"," ₹ 2,910.37 "," ₹ 2,930.50 "," ₹ 2,905.67 "," ₹ 2,924.58 ",-,1.27%,1%,24.83,0.90%,,,,,,,,,,,,,,,,,
"Aug 28, 2019"," ₹ 2,887.94 ","Aug 28, 2019"," ₹ 2,861.28 "," ₹ 2,890.03 "," ₹ 2,853.05 "," ₹ 2,887.94 ",-,0.65%,1%,36.98,1.30%,,,,,,,,,,,,,,,,,
"Aug 27, 2019"," ₹ 2,869.16 ","Aug 27, 2019"," ₹ 2,893.14 "," ₹ 2,898.79 "," ₹ 2,860.59 "," ₹ 2,869.16 ",-,-0.32%,0%,38.2,1.30%,,,,,,,,,,,,,,,,,
"Aug 26, 2019"," ₹ 2,878.38 ","Aug 26, 2019"," ₹ 2,866.70 "," ₹ 2,879.27 "," ₹ 2,856.00 "," ₹ 2,878.38 ",-,1.10%,1%,23.27,0.80%,,,,,,,,,,,,,,,,,
"Aug 23, 2019"," ₹ 2,847.11 ","Aug 23, 2019"," ₹ 2,911.07 "," ₹ 2,927.01 "," ₹ 2,834.97 "," ₹ 2,847.11 ",-,-2.59%,3%,92.04,3.20%,,,,,,,,,,,,,,,,,
"Aug 22, 2019"," ₹ 2,922.95 ","Aug 22, 2019"," ₹ 2,930.94 "," ₹ 2,939.08 "," ₹ 2,904.51 "," ₹ 2,922.95 ",-,-0.05%,0%,34.57,1.20%,,,,,,,,,,,,,,,,,
"Aug 21, 2019"," ₹ 2,924.43 ","Aug 21, 2019"," ₹ 2,922.04 "," ₹ 2,928.73 "," ₹ 2,917.91 "," ₹ 2,924.43 ",-,0.82%,1%,10.82,0.40%,,,,,,,,,,,,,,,,,
"Aug 20, 2019"," ₹ 2,900.51 ","Aug 20, 2019"," ₹ 2,919.01 "," ₹ 2,923.63 "," ₹ 2,899.60 "," ₹ 2,900.51 ",-,-0.79%,1%,24.03,0.80%,,,,,,,,,,,,,,,,,
"Aug 19, 2019"," ₹ 2,923.65 ","Aug 19, 2019"," ₹ 2,913.48 "," ₹ 2,931.00 "," ₹ 2,913.48 "," ₹ 2,923.65 ",-,1.21%,1%,17.52,0.60%,,,,,,,,,,,,,,,,,
"Aug 16, 2019"," ₹ 2,888.68 ","Aug 16, 2019"," ₹ 2,864.74 "," ₹ 2,893.63 "," ₹ 2,864.74 "," ₹ 2,888.68 ",-,1.44%,1%,28.89,1.00%,,,,,,,,,,,,,,,,,
"Aug 15, 2019"," ₹ 2,847.60 ","Aug 15, 2019"," ₹ 2,846.20 "," ₹ 2,856.67 "," ₹ 2,825.51 "," ₹ 2,847.60 ",-,0.25%,0%,31.16,1.10%,,,,,,,,,,,,,,,,,
"Aug 14, 2019"," ₹ 2,840.60 ","Aug 14, 2019"," ₹ 2,894.15 "," ₹ 2,894.15 "," ₹ 2,839.64 "," ₹ 2,840.60 ",-,-2.93%,3%,54.51,1.90%,,,,,,,,,,,,,,,,,
"Aug 13, 2019"," ₹ 2,926.32 ","Aug 13, 2019"," ₹ 2,880.72 "," ₹ 2,943.31 "," ₹ 2,877.05 "," ₹ 2,926.32 ",-,1.48%,1%,66.26,2.30%,,,,,,,,,,,,,,,,,
"Aug 12, 2019"," ₹ 2,883.75 ","Aug 12, 2019"," ₹ 2,907.07 "," ₹ 2,907.58 "," ₹ 2,873.14 "," ₹ 2,883.75 ",-,-1.20%,1%,34.44,1.20%,,,,,,,,,,,,,,,,,
"Aug 09, 2019"," ₹ 2,918.65 ","Aug 09, 2019"," ₹ 2,930.51 "," ₹ 2,935.75 "," ₹ 2,900.15 "," ₹ 2,918.65 ",-,-0.66%,1%,35.6,1.20%,,,,,,,,,,,,,,,,,
"Aug 08, 2019"," ₹ 2,938.09 ","Aug 08, 2019"," ₹ 2,896.21 "," ₹ 2,938.72 "," ₹ 2,894.47 "," ₹ 2,938.09 ",-,1.88%,2%,44.25,1.50%,,,,,,,,,,,,,,,,,
"Aug 07, 2019"," ₹ 2,883.98 ","Aug 07, 2019"," ₹ 2,858.65 "," ₹ 2,892.17 "," ₹ 2,825.71 "," ₹ 2,883.98 ",-,0.08%,0%,66.46,2.30%,,,,,,,,,,,,,,,,,
"Aug 06, 2019"," ₹ 2,881.77 ","Aug 06, 2019"," ₹ 2,861.18 "," ₹ 2,884.40 "," ₹ 2,847.42 "," ₹ 2,881.77 ",-,1.30%,1%,36.98,1.30%,,,,,,,,,,,,,,,,,
"Aug 05, 2019"," ₹ 2,844.74 ","Aug 05, 2019"," ₹ 2,898.07 "," ₹ 2,898.07 "," ₹ 2,822.12 "," ₹ 2,844.74 ",-,-2.98%,3%,75.95,2.60%,,,,,,,,,,,,,,,,,
"Aug 02, 2019"," ₹ 2,932.05 ","Aug 02, 2019"," ₹ 2,943.90 "," ₹ 2,945.50 "," ₹ 2,914.11 "," ₹ 2,932.05 ",-,-0.73%,1%,31.39,1.10%,,,,,,,,,,,,,,,,,
"Aug 01, 2019"," ₹ 2,953.56 ","Aug 01, 2019"," ₹ 2,980.32 "," ₹ 3,013.59 "," ₹ 2,945.23 "," ₹ 2,953.56 ",-,-0.90%,1%,68.36,2.30%,,,,,,,,,,,,,,,,,
"Jul 31, 2019"," ₹ 2,980.38 ","Jul 31, 2019"," ₹ 3,016.22 "," ₹ 3,017.40 "," ₹ 2,958.08 "," ₹ 2,980.38 ",-,-1.09%,1%,59.32,2.00%,,,,,,,,,,,,,,,,,
"Jul 30, 2019"," ₹ 3,013.18 ","Jul 30, 2019"," ₹ 3,007.66 "," ₹ 3,017.19 "," ₹ 3,000.94 "," ₹ 3,013.18 ",-,-0.26%,0%,16.25,0.50%,,,,,,,,,,,,,,,,,
"Jul 29, 2019"," ₹ 3,020.97 ","Jul 29, 2019"," ₹ 3,024.47 "," ₹ 3,025.61 "," ₹ 3,014.30 "," ₹ 3,020.97 ",-,-0.16%,0%,11.31,0.40%,,,,,,,,,,,,,,,,,
"Jul 26, 2019"," ₹ 3,025.86 ","Jul 26, 2019"," ₹ 3,013.25 "," ₹ 3,027.98 "," ₹ 3,012.59 "," ₹ 3,025.86 ",-,0.74%,1%,15.39,0.50%,,,,,,,,,,,,,,,,,
"Jul 25, 2019"," ₹ 3,003.67 ","Jul 25, 2019"," ₹ 3,016.26 "," ₹ 3,016.31 "," ₹ 2,997.24 "," ₹ 3,003.67 ",-,-0.53%,1%,19.07,0.60%,,,,,,,,,,,,,,,,,
"Jul 24, 2019"," ₹ 3,019.56 ","Jul 24, 2019"," ₹ 2,998.77 "," ₹ 3,019.59 "," ₹ 2,996.82 "," ₹ 3,019.56 ",-,0.47%,0%,22.77,0.80%,,,,,,,,,,,,,,,,,
"Jul 23, 2019"," ₹ 3,005.47 ","Jul 23, 2019"," ₹ 2,994.74 "," ₹ 3,005.90 "," ₹ 2,988.56 "," ₹ 3,005.47 ",-,0.68%,1%,17.34,0.60%,,,,,,,,,,,,,,,,,
"Jul 22, 2019"," ₹ 2,985.03 ","Jul 22, 2019"," ₹ 2,981.93 "," ₹ 2,990.71 "," ₹ 2,976.65 "," ₹ 2,985.03 ",-,0.28%,0%,14.06,0.50%,,,,,,,,,,,,,,,,,
"Jul 19, 2019"," ₹ 2,976.61 ","Jul 19, 2019"," ₹ 3,004.26 "," ₹ 3,006.02 "," ₹ 2,975.86 "," ₹ 2,976.61 ",-,-0.62%,1%,30.16,1.00%,,,,,,,,,,,,,,,,,
"Jul 18, 2019"," ₹ 2,995.11 ","Jul 18, 2019"," ₹ 2,978.87 "," ₹ 2,998.28 "," ₹ 2,973.09 "," ₹ 2,995.11 ",-,0.36%,0%,25.19,0.80%,,,,,,,,,,,,,,,,,
"Jul 17, 2019"," ₹ 2,984.42 ","Jul 17, 2019"," ₹ 3,005.10 "," ₹ 3,005.26 "," ₹ 2,984.25 "," ₹ 2,984.42 ",-,-0.65%,1%,21.01,0.70%,,,,,,,,,,,,,,,,,
